query-id,corpus-id,score
597651,49,1
88585,17272,1
508811,28092,1
412886,56458,1
532152,73237,1
671768,84877,1
412683,120314,1
728301,123875,1
1164623,126457,1
1164623,126464,1
597793,127040,1
1173756,127867,1
322399,128634,1
432744,128685,1
129798,128916,1
57109,129043,1
747336,129822,1
638709,133834,1
532996,136363,1
1164489,139830,1
699656,140855,1
1183758,140923,1
618629,142181,1
661559,143000,1
574445,143546,1
16237,148297,1
64527,151856,1
72442,152501,1
554807,152540,1
590717,152954,1
434499,154048,1
632071,154108,1
5547,154207,1
105835,155104,1
251499,155617,1
77356,156398,1
1183742,157856,1
1164309,158361,1
1164298,159443,1
1183740,160282,1
503176,161933,1
738214,167494,1
655222,167604,1
718662,168568,1
469762,169217,1
568033,169434,1
561060,169891,1
1164194,170663,1
315293,171042,1
418430,171575,1
1164162,174294,1
428871,148297,1
717081,176882,1
1164135,177423,1
651468,178572,1
570246,131062,1
62029,184010,1
1164054,185669,1
719019,186166,1
532851,186223,1
1164046,186385,1
296281,187392,1
593694,189877,1
574456,190802,1
578318,190915,1
549162,191895,1
16306,148297,1
598175,195829,1
406288,196172,1
325386,197832,1
51772,199601,1
654781,207665,1
20100,211045,1
205049,213912,1
1183693,214630,1
482334,214807,1
525311,216931,1
514548,217726,1
77937,218018,1
740702,219604,1
1173662,219781,1
1163678,224339,1
410808,234580,1
736179,238360,1
290801,239188,1
63824,240695,1
442640,241283,1
322452,242885,1
1163506,243616,1
648762,244696,1
398308,245261,1
468619,246718,1
567290,246908,1
525640,246964,1
643411,247273,1
548838,247320,1
656611,249153,1
212409,250341,1
674374,251455,1
454837,253324,1
191046,258784,1
587912,261392,1
442282,263112,1
661280,263120,1
641077,264804,1
544593,265225,1
17068,265616,1
639573,267584,1
463199,268030,1
619546,268692,1
156061,269680,1
220657,274253,1
1163217,276270,1
584785,279265,1
675642,282413,1
618460,286965,1
522975,293183,1
1163054,295150,1
539671,296189,1
474499,148297,1
432982,297777,1
1163029,298048,1
604849,298592,1
586781,299171,1
453124,299213,1
416386,301515,1
433508,302471,1
684320,304919,1
740515,304952,1
1162964,305385,1
189159,307252,1
512754,309174,1
387284,310980,1
742864,319276,1
311409,319635,1
408375,319985,1
584105,320303,1
697432,323026,1
666205,323056,1
72725,323942,1
612291,325386,1
517188,325436,1
496397,326462,1
413629,328227,1
596377,328962,1
458815,330524,1
149712,332025,1
164931,336975,1
530918,338662,1
580955,339313,1
594111,339966,1
663727,340340,1
557805,343317,1
414912,343699,1
572253,347581,1
647171,348954,1
203753,350556,1
313119,350728,1
142118,351026,1
324926,351092,1
1162516,353439,1
460289,355117,1
109232,357209,1
414667,359813,1
560658,363306,1
1162390,367585,1
84961,369813,1
1173529,370373,1
442232,375356,1
490127,375509,1
689588,379892,1
752008,380235,1
299421,380593,1
500356,382981,1
640006,383554,1
50688,384495,1
611012,388711,1
598452,389015,1
713397,395063,1
465397,380235,1
627032,397256,1
432228,398274,1
392098,398322,1
465677,380235,1
670221,400002,1
636282,400158,1
579195,403216,1
402366,403973,1
685883,404948,1
565818,406462,1
1162032,407285,1
647391,408059,1
280265,411840,1
440795,415045,1
610995,417193,1
454684,418364,1
142299,418514,1
640064,420515,1
657874,423305,1
683982,423866,1
383871,425103,1
668214,428584,1
525054,429354,1
1161823,430237,1
514673,430598,1
558976,431493,1
655518,435021,1
409632,435397,1
500292,436343,1
6536,436608,1
631226,437437,1
631167,440287,1
158546,440546,1
1161726,441017,1
621905,445998,1
319317,451268,1
553709,451364,1
501034,453112,1
619477,453746,1
692666,461759,1
397648,464094,1
301323,464858,1
497594,465482,1
75532,466592,1
739254,471159,1
739627,472752,1
728477,477054,1
569046,477488,1
489804,477648,1
542226,480040,1
116838,482732,1
475012,483662,1
611236,484272,1
569824,485083,1
209825,485095,1
572077,485607,1
539713,486588,1
687423,486797,1
733787,487070,1
419530,488066,1
474860,491018,1
696019,491994,1
51930,493774,1
1161235,494208,1
237653,495371,1
738030,497647,1
108265,498706,1
4359,498802,1
436291,498901,1
643008,501845,1
536212,502529,1
393988,503246,1
188957,42209,1
391394,504452,1
751910,506620,1
1161106,508466,1
97017,508743,1
594539,512372,1
293407,512904,1
252053,514917,1
516128,515403,1
693363,515609,1
480729,517881,1
756202,520139,1
518246,522154,1
331984,522747,1
554570,523037,1
731955,524675,1
603104,524921,1
546717,524970,1
443495,526741,1
575912,306092,1
633186,527887,1
687592,528063,1
601358,530949,1
535477,533041,1
528342,535888,1
747760,537211,1
697128,537597,1
714452,226476,1
429013,539495,1
716308,541954,1
1160773,542118,1
109035,227954,1
67385,545272,1
1183373,545634,1
715204,546024,1
465287,34756,1
425917,551687,1
422250,552119,1
598663,550058,1
1160663,552451,1
649691,554071,1
522446,555007,1
466985,555826,1
529257,556362,1
429425,557605,1
557472,559048,1
593574,560880,1
1160568,562842,1
247162,563202,1
1160563,563433,1
188055,563459,1
486977,565640,1
751381,566453,1
517434,569196,1
28767,569357,1
550738,570077,1
20174,573256,1
260085,574797,1
402419,578234,1
96976,581632,1
482161,581828,1
539730,582588,1
309210,582951,1
1160331,586139,1
1160311,587899,1
537898,588340,1
516157,589585,1
1160278,591394,1
460227,591740,1
273331,592263,1
1160263,593158,1
669959,593368,1
455172,594204,1
645772,594394,1
230173,595210,1
662029,598295,1
595103,599195,1
731426,599277,1
461128,600037,1
577346,600164,1
410978,601441,1
742235,601542,1
706304,605133,1
1160131,605550,1
395598,606798,1
550056,609257,1
649786,610555,1
654132,610670,1
167376,611659,1
549843,612383,1
1160046,612807,1
407463,613454,1
1173311,613945,1
496232,615839,1
149083,617406,1
361768,619898,1
660200,621874,1
1159945,622071,1
1159922,624454,1
317091,103501,1
726945,627326,1
444959,631276,1
228292,631438,1
617238,633246,1
419025,634417,1
398769,637058,1
236507,637293,1
28855,637464,1
486597,637741,1
1159767,638912,1
52096,639131,1
394877,639479,1
341667,639730,1
643685,640990,1
759444,641305,1
666897,641722,1
506281,645086,1
1159708,645291,1
645659,646032,1
317048,647663,1
515443,647898,1
631959,650998,1
512273,652667,1
517746,653130,1
544776,653722,1
507527,654456,1
1159612,654531,1
478970,654656,1
159466,654699,1
678173,654975,1
475892,655954,1
87676,369813,1
447414,659811,1
488462,429717,1
758548,661989,1
734607,651006,1
1159485,666219,1
540190,666404,1
625539,666739,1
518434,670010,1
527534,670247,1
1159439,670721,1
616351,672397,1
121739,680570,1
730128,681319,1
273750,682212,1
746563,683656,1
594501,685710,1
662841,687391,1
638671,688029,1
707231,689478,1
1159214,691976,1
176026,695941,1
714591,696021,1
527309,697304,1
755132,700556,1
481479,700781,1
500803,701113,1
45702,159720,1
48335,703418,1
1159094,704833,1
262134,706606,1
759995,708317,1
1173212,713295,1
501852,716576,1
1158991,716597,1
722411,722006,1
81255,723425,1
649502,725919,1
733825,726275,1
1173199,727453,1
558502,727613,1
31508,727641,1
209075,728110,1
1158858,729015,1
1183208,729488,1
1158842,730685,1
692974,380235,1
605194,733789,1
612067,736363,1
556977,737357,1
377877,737503,1
450895,737519,1
96538,738867,1
426552,738892,1
604272,739734,1
364858,742112,1
460526,743936,1
732910,745137,1
156996,745640,1
438631,749020,1
1158666,749482,1
635983,750008,1
553923,753403,1
733178,755104,1
653155,756934,1
262620,757058,1
554706,758115,1
275285,759547,1
756297,760697,1
419527,760823,1
498430,292950,1
660525,764153,1
341873,765710,1
1158503,766354,1
444466,768398,1
462605,769624,1
412811,770450,1
1158462,770698,1
591548,770993,1
600012,773239,1
577893,774093,1
28697,779399,1
750934,780868,1
585421,477054,1
566632,784795,1
416315,785548,1
541296,787977,1
64742,789547,1
237877,791095,1
426906,791792,1
512151,791821,1
694008,793169,1
1158219,795262,1
442443,796290,1
608843,796944,1
493594,799900,1
1158144,802530,1
582622,803106,1
33151,804631,1
659519,804957,1
513243,807651,1
72575,809821,1
536570,810823,1
592481,811003,1
200151,811149,1
710572,811459,1
246380,813909,1
589263,813952,1
435781,814355,1
560120,815191,1
424059,815292,1
329013,821558,1
2624,822964,1
478405,823323,1
27331,827262,1
489788,827670,1
472165,829131,1
385020,829363,1
134710,656251,1
650863,831232,1
232050,831503,1
1662,831940,1
429446,832206,1
14736,832570,1
485721,832740,1
437533,834762,1
443676,836460,1
467032,838685,1
108224,841627,1
252756,842017,1
744454,843540,1
630288,847417,1
155029,849322,1
188851,851050,1
585457,851882,1
374465,854416,1
259694,855358,1
538257,856618,1
660014,857720,1
144274,860989,1
566676,861601,1
699477,863454,1
692860,380235,1
489157,865896,1
649715,866883,1
418585,868880,1
719964,869461,1
635981,870323,1
685432,429717,1
633989,872170,1
730936,872188,1
482368,872474,1
24373,621154,1
590502,874836,1
1157430,876511,1
545578,877954,1
483230,884017,1
572454,884336,1
589173,884581,1
415556,885196,1
520989,886237,1
405686,887671,1
559138,890012,1
389920,890538,1
725858,890810,1
1157267,891667,1
691841,895687,1
543464,897958,1
557758,901211,1
218243,901360,1
538824,902599,1
510416,905522,1
156497,906573,1
476717,909027,1
550024,909721,1
455738,910879,1
549902,913919,1
422918,914838,1
186276,918344,1
484043,922241,1
757078,926692,1
557569,927264,1
393579,928790,1
552867,931294,1
495300,931645,1
667241,932975,1
551949,933188,1
553869,934372,1
664251,936212,1
636774,936488,1
489907,893740,1
495430,941636,1
419402,942520,1
465794,942686,1
521862,944779,1
557570,945502,1
301310,396105,1
127650,952899,1
1156663,953224,1
722750,954108,1
426018,956497,1
756632,956725,1
237918,964419,1
1156549,965731,1
515206,966371,1
1156484,971994,1
506866,973080,1
372140,973943,1
1156463,974313,1
247118,975469,1
504653,975745,1
494309,978007,1
458648,978363,1
558429,978769,1
734748,978992,1
649376,986995,1
605357,987464,1
682320,988373,1
51088,988686,1
387266,991589,1
521662,992571,1
464355,995425,1
138863,996936,1
422887,997522,1
1156193,1000475,1
23552,1001270,1
660883,978769,1
427333,1002211,1
669063,1004036,1
750731,1005305,1
380993,1005839,1
496101,1009134,1
60663,1010226,1
446491,1012426,1
1156053,1012779,1
668812,1013025,1
450736,1014068,1
485484,1015405,1
102316,1017092,1
180281,1018252,1
527978,1019778,1
649831,1020172,1
559759,1022434,1
595463,1023147,1
567175,1024241,1
444250,1026133,1
546866,1026566,1
651305,1027852,1
192728,1029502,1
227274,1031083,1
296558,1031293,1
505015,1035699,1
441071,161933,1
662764,1038867,1
602722,1038952,1
1155759,1040917,1
688828,1042341,1
1155727,1043600,1
247809,1045386,1
674759,1045943,1
549822,1047072,1
655267,1047211,1
512243,1048811,1
386414,1049128,1
607222,1050043,1
445327,1051522,1
146648,1052061,1
559828,1052114,1
441554,1053356,1
754382,1053427,1
673757,1054283,1
497546,1054414,1
29260,1054527,1
521811,506143,1
556866,1056526,1
1155604,1056535,1
614250,1057139,1
480689,1061002,1
179744,1061422,1
585444,1061528,1
660565,851050,1
585472,1067741,1
667038,1068792,1
460534,1069551,1
567539,1069784,1
515165,1072166,1
720706,1072581,1
587851,555482,1
543269,1075236,1
681180,1075903,1
1155389,1077901,1
404768,1080305,1
291890,1080340,1
575823,1082694,1
19976,1083259,1
396290,1087351,1
281817,1089747,1
439673,1092224,1
508056,1093589,1
654360,1093924,1
638026,1095278,1
1155137,1097200,1
593718,1097898,1
1172850,1099483,1
1155088,1101966,1
749499,1103512,1
391171,1104564,1
336549,1105406,1
151798,1105936,1
24600,1106080,1
1182837,1107409,1
321606,1109456,1
1154999,1109852,1
1154995,1109964,1
17902,1112003,1
57476,1112210,1
556108,1113247,1
24746,1114107,1
581755,1114831,1
744459,1117802,1
56232,1119056,1
741126,1120818,1
1154839,1123752,1
622782,1126496,1
1154813,1126674,1
216566,1130799,1
38800,1138442,1
576242,1139409,1
698611,1139597,1
752980,1139758,1
100278,1142483,1
488221,1143711,1
585737,281071,1
670735,1146139,1
237482,1147826,1
402130,1148247,1
1154579,1148418,1
694465,1149136,1
428834,1152964,1
14982,1153910,1
1154521,1155087,1
505182,1155468,1
431263,1155867,1
438953,1156210,1
281581,1158486,1
39619,1158865,1
505633,1159485,1
668972,1159705,1
503738,1159706,1
527165,1160842,1
545497,1161302,1
627729,1163086,1
730786,1164666,1
455911,1164722,1
388764,1166476,1
458418,1169715,1
509470,1169757,1
125114,1170496,1
425825,1173154,1
340841,1173181,1
516327,1174581,1
379558,1178361,1
71722,1181179,1
414054,1161415,1
515576,1182470,1
550082,1182548,1
506218,1182889,1
466947,1184019,1
456655,849801,1
614941,889600,1
451542,329164,1
474629,1188072,1
568284,1189051,1
129361,1189292,1
1172757,1190325,1
616543,1191945,1
456637,1192741,1
186971,1193421,1
446754,1193684,1
513526,1195273,1
703934,1197039,1
391090,1198088,1
516893,1198106,1
1154046,1199549,1
456166,1201719,1
741966,1203116,1
456715,1205249,1
521440,1205735,1
526599,859540,1
509229,1207061,1
238989,1208865,1
101119,1209111,1
626810,127398,1
610996,417193,1
1153930,1211863,1
720451,1213442,1
105622,1213990,1
1153849,1220098,1
256326,1221526,1
736020,171535,1
650359,1223429,1
457152,1223524,1
51654,1224333,1
690717,1226474,1
276019,1227030,1
1153783,1227390,1
494407,1229062,1
383817,1231977,1
485009,1232372,1
458341,1233198,1
555978,1234967,1
691801,1235061,1
585935,735198,1
624069,1236892,1
529376,1237970,1
202059,1239336,1
720656,1239895,1
30703,1240946,1
562533,1241192,1
465680,380235,1
545583,1245466,1
290792,101026,1
665260,1248346,1
40605,184173,1
677861,1250787,1
330609,1251092,1
652659,1251688,1
710723,1253141,1
422436,1253324,1
760151,1257746,1
756275,1258323,1
1153462,1260090,1
121962,1262972,1
695020,1263496,1
415897,1264216,1
594268,1267463,1
668906,1268262,1
240659,1269271,1
440602,1270212,1
5713,1270751,1
501850,716576,1
703080,1273292,1
577160,1276070,1
441801,1277597,1
474057,1278746,1
2598,247591,1
1153264,1281317,1
15276,1282981,1
643848,1056365,1
271735,1286010,1
44082,1287180,1
295793,1287422,1
739312,890138,1
606904,1288815,1
507750,1291172,1
435600,1291751,1
453292,1293362,1
514964,1295418,1
1153099,953058,1
314253,1298591,1
614814,1300047,1
1182647,1300188,1
243249,1303433,1
252498,1305246,1
16195,148297,1
36687,1305863,1
1152998,1307122,1
337902,1308911,1
277843,1272538,1
342562,1311216,1
442528,1311239,1
530146,1313567,1
502313,1313721,1
251242,1314985,1
736353,1315745,1
313455,1317973,1
496842,1318228,1
1152862,1320568,1
384328,1321565,1
1152853,1321594,1
313398,1321796,1
573293,1324577,1
1172635,1327176,1
392575,1329205,1
517363,1330194,1
686920,1330555,1
469644,1331306,1
603465,1333293,1
460728,1333484,1
1152706,1333697,1
580908,1335157,1
739248,1335237,1
444410,1338141,1
313622,1339289,1
326059,1339616,1
189148,1340096,1
1152616,1342398,1
672531,1342545,1
759971,1343266,1
410492,1344605,1
487548,1346377,1
1152568,1347258,1
1152556,1348517,1
273575,1349092,1
633815,1352429,1
497529,1352438,1
476506,1357955,1
747120,1357985,1
619373,1358277,1
727495,1359207,1
1152443,1360694,1
704996,1361709,1
686482,1362711,1
140121,1363120,1
556385,1365588,1
323046,1366141,1
672713,1366214,1
530258,1368692,1
417942,1370432,1
706636,1372956,1
752458,1373093,1
690879,1373452,1
213811,1375300,1
286931,1376089,1
698636,1376244,1
588969,1377874,1
583088,1377912,1
418898,1378686,1
321350,1378927,1
1152222,1382328,1
14295,1383127,1
568931,1384441,1
661001,143000,1
755621,1385782,1
1182556,1386041,1
571333,1388068,1
1152084,1393081,1
1152069,910922,1
620072,1396537,1
614167,1399361,1
708548,613909,1
461147,1400544,1
491255,1400686,1
442533,1401314,1
176433,1403572,1
733841,1404611,1
1172562,1405888,1
442675,1406156,1
417113,1409695,1
506635,1410450,1
474923,1410864,1
1151862,208930,1
631677,1413480,1
406280,1417810,1
16193,148297,1
614098,1418897,1
276133,1420413,1
454488,1422731,1
164834,1424111,1
495948,1424339,1
609746,1427661,1
747222,1429108,1
569246,1430483,1
735257,418503,1
1151560,1440105,1
411298,1440544,1
385574,1440863,1
561941,1441283,1
738316,1442982,1
687058,1444204,1
542981,1444984,1
145755,1445229,1
556172,1445390,1
1184771,1447253,1
6221,1447295,1
517128,1448652,1
615921,1449550,1
659053,1450329,1
731383,1450631,1
310908,1452754,1
759343,1453484,1
536744,1453771,1
277776,1459022,1
1151336,1460804,1
299606,1461937,1
326778,1465550,1
433983,1466616,1
1151234,1468542,1
459672,1468631,1
663751,1472652,1
434636,1474463,1
301862,1475790,1
1172495,1477657,1
755438,1482315,1
384817,1482639,1
756651,1482899,1
724737,1483111,1
660875,1483796,1
459558,1487911,1
501037,1490343,1
86600,1491045,1
505359,1406326,1
337788,1493278,1
475667,1495684,1
720056,1496445,1
708871,1498982,1
599427,1500831,1
454174,1504499,1
599872,1506555,1
599526,1508457,1
567348,1509402,1
645091,1511697,1
701953,1512382,1
179439,1513075,1
756437,1513554,1
457265,1513833,1
613312,1516812,1
508319,28092,1
595944,1520874,1
606541,1526477,1
192597,1103512,1
304420,1528315,1
461358,1530292,1
539586,1532230,1
491183,1532311,1
723108,1532355,1
1150565,1536972,1
500262,1539438,1
740667,1541512,1
1150458,1548800,1
232591,1549998,1
508651,1550165,1
656991,1550799,1
732562,1551828,1
682374,945455,1
557461,1553631,1
628745,383554,1
1150397,1554810,1
569238,1555199,1
516183,1556026,1
616439,1558718,1
629981,1562754,1
140956,1563496,1
621466,1564228,1
1150285,1564562,1
6868,1565651,1
738383,1569842,1
249091,1570708,1
404561,1571307,1
671220,1571422,1
437014,1572397,1
16189,148297,1
706400,1574886,1
1150146,1577937,1
426851,1578101,1
542880,1578417,1
478151,1578836,1
413812,1580578,1
303602,1585791,1
721747,1586678,1
189566,1588461,1
679945,1591295,1
420540,881985,1
409975,1592109,1
442057,1592324,1
61101,1595883,1
642400,1597251,1
394343,1598041,1
20431,1598872,1
389512,1601212,1
657332,1601557,1
189890,1604301,1
682107,1607454,1
218887,1283535,1
556454,1611595,1
611860,1611893,1
536110,1612608,1
691353,1615044,1
65874,1616216,1
21044,1617951,1
194124,1617987,1
605915,1618738,1
1149751,1618994,1
593879,1619614,1
589621,1621213,1
204765,1622658,1
543855,1623627,1
712044,1623737,1
620337,1625406,1
326485,1465550,1
312937,1631003,1
503836,1631080,1
352576,1633386,1
154206,1633637,1
430966,1633941,1
710072,1636106,1
1149585,1636171,1
341974,1638067,1
561725,1638489,1
736897,1638760,1
388397,1640474,1
553620,1640898,1
421033,1642873,1
614078,1643820,1
85643,1644127,1
420055,1644849,1
1149482,1646723,1
200806,1647311,1
602209,1647799,1
483232,1648300,1
587972,1651297,1
508405,1652667,1
723522,44746,1
635070,1656481,1
658540,1658771,1
489546,1660662,1
411441,1661451,1
206755,1661783,1
430335,1662820,1
681926,1667780,1
1149279,1667902,1
300904,1669627,1
20807,1670033,1
752021,1670563,1
733031,1671199,1
469581,1671786,1
414103,1672542,1
279745,1486497,1
301566,1673576,1
403982,1673980,1
480395,1675617,1
39048,1676971,1
700565,1677754,1
488916,1677958,1
242578,1678107,1
257662,1678656,1
124306,1681799,1
304182,1684316,1
703337,1686012,1
578691,1686488,1
543654,84914,1
386513,1688258,1
609112,1690911,1
680689,557416,1
695289,1691643,1
1149027,1691769,1
655576,1691969,1
536157,1695243,1
711638,1695827,1
494584,1696041,1
1148980,1696703,1
569677,1697775,1
655673,841280,1
180109,1700067,1
608904,1701282,1
458298,1705344,1
656025,1711263,1
442719,796290,1
325406,1720532,1
150392,1721399,1
41556,396856,1
655025,1726834,1
630807,1728261,1
116031,1729862,1
169565,124661,1
691173,1730898,1
439207,1732135,1
1148561,1733608,1
109581,1733894,1
1148558,1733959,1
437318,1734246,1
597146,1734604,1
605958,1735067,1
566608,1736032,1
443713,1738673,1
71627,1738902,1
505849,1740068,1
147219,1740529,1
486634,1741810,1
536936,1742251,1
397285,1742416,1
602327,1746192,1
1148407,1747043,1
96009,1747496,1
50398,1747521,1
512170,1748093,1
582582,1749015,1
316644,1749020,1
355246,1751420,1
144841,1751838,1
447617,1752714,1
690695,1754364,1
389434,1755491,1
718095,1757162,1
1148292,1757938,1
444378,1758708,1
250900,719839,1
324276,1760825,1
158211,1762236,1
274720,1762674,1
712087,1308654,1
324279,1768478,1
455490,1768892,1
476391,1769683,1
1148174,1769901,1
1148155,1770816,1
35380,1773507,1
649940,1774815,1
705375,1775596,1
589571,388172,1
633921,1676345,1
85608,1777265,1
420011,1779688,1
426738,1780458,1
38772,1781720,1
394526,1786722,1
701289,1786841,1
506500,1787283,1
518604,1788889,1
1147931,1789512,1
146663,1789631,1
528959,1789688,1
699546,1790279,1
4371,1773480,1
527786,1791883,1
564135,1793612,1
125453,1794530,1
441379,1795234,1
478075,1797698,1
1147815,1798614,1
602310,1800566,1
480116,1802002,1
583584,1808996,1
570632,1813936,1
522240,716576,1
439506,1820122,1
105986,1820944,1
731002,1822011,1
613471,1822715,1
397446,1823927,1
612686,1826358,1
651327,1831783,1
616283,1832345,1
1147450,1832408,1
444006,1840630,1
420775,1840661,1
485056,1840852,1
554727,331307,1
534677,1842128,1
626215,1842837,1
430997,1843084,1
395400,1845260,1
1147296,1846242,1
717440,1847392,1
644703,1847879,1
694336,1849035,1
1147259,1849455,1
1147254,1849926,1
738710,1850055,1
1147236,1851536,1
574447,1851913,1
290757,101026,1
269278,1855207,1
636067,1858895,1
6309,1859362,1
636625,1859453,1
469863,1859990,1
499250,1861581,1
757293,1862343,1
622985,1862861,1
623754,1863610,1
610879,1864102,1
125839,756934,1
455007,1873856,1
721062,1874606,1
76458,1875451,1
720659,1875931,1
1172099,1875966,1
1146963,1877782,1
630026,1882872,1
741917,945455,1
544596,1883272,1
448,1883725,1
608228,1886530,1
271278,1887417,1
511507,575071,1
647609,1889618,1
111632,1890575,1
1172082,1893051,1
643370,1014174,1
695193,114166,1
610572,1896743,1
617966,1897293,1
487669,1898566,1
410121,1899825,1
537154,1901383,1
410685,1902083,1
552487,1903229,1
687570,1905349,1
53415,1905405,1
650557,1908111,1
601113,1908267,1
481162,1834742,1
328449,1908892,1
517789,1909335,1
741968,1913108,1
535956,1913226,1
459725,1915139,1
1172059,1915737,1
532026,1918619,1
479973,1919024,1
616492,1922749,1
474236,1922819,1
581122,1923575,1
1146397,1927706,1
686324,1404611,1
119167,1928828,1
511854,1929921,1
732100,1930170,1
697739,396856,1
540835,1930514,1
427989,1931532,1
167330,1932082,1
406999,1932160,1
1146357,1932237,1
753826,1932924,1
110495,637741,1
713979,1933627,1
389127,1938487,1
373656,1940396,1
1172033,1940722,1
570975,223186,1
19711,1945444,1
483249,1946246,1
536461,1953431,1
143165,1954081,1
338463,1954238,1
12510,1954522,1
708983,832570,1
659162,1960588,1
208966,468518,1
566674,1963876,1
653226,1964429,1
550916,186223,1
747861,1966334,1
1172000,1966758,1
585391,1967731,1
655648,1969032,1
468318,1969227,1
102486,1969292,1
1145940,1971383,1
711726,1972348,1
1145900,1975612,1
267547,1975753,1
526007,1976327,1
1145882,1976864,1
502413,1981392,1
219144,1984498,1
212043,1986366,1
514247,1988254,1
432687,1989076,1
1145740,1990278,1
431029,1991997,1
724503,1994625,1
380865,2000369,1
411627,2006160,1
722672,2006897,1
86802,2008836,1
617758,2009102,1
724502,2013799,1
481674,2017356,1
1171954,2017596,1
419065,2018383,1
645658,1515708,1
429863,2023157,1
595507,2027180,1
598326,2029411,1
572260,2030224,1
558770,2032821,1
583127,2035526,1
16773,2035822,1
725214,2036015,1
470102,2036528,1
123586,2037794,1
128712,2038194,1
640720,2038708,1
213559,2042555,1
241213,2044458,1
90886,2045031,1
122252,2047739,1
6780,2047832,1
55364,242135,1
611215,1892731,1
682784,2051183,1
350422,2051420,1
673232,2051767,1
738902,2051888,1
267249,2051977,1
524427,2052937,1
577338,2056010,1
597691,2058750,1
707368,2059796,1
449372,2060033,1
586147,1236580,1
1144937,2061217,1
42462,2061353,1
615435,2061702,1
333984,1374218,1
291094,1694477,1
475466,2063501,1
153350,2064216,1
507164,2065907,1
660982,2066218,1
641833,2066523,1
533022,2067730,1
1144868,2067792,1
1144848,2069734,1
329979,747138,1
1144840,1280830,1
687871,2071213,1
743632,2071887,1
275538,1316238,1
153035,2076623,1
461569,2080806,1
422155,2081573,1
390961,429717,1
653928,2088760,1
1144647,2090355,1
81291,2092139,1
452765,2093998,1
586374,2094281,1
314615,2099238,1
257599,1690042,1
494191,597407,1
606905,1288815,1
722851,2103370,1
1144509,2104865,1
570901,2105274,1
167848,2105808,1
1144497,2106116,1
81765,2106613,1
575078,2110517,1
753702,2112417,1
33232,2113439,1
609392,2114432,1
690377,2116302,1
148058,2116948,1
721152,2118688,1
677028,2119846,1
574634,2120792,1
705228,2121202,1
195413,2122420,1
1144307,2124324,1
420010,2124676,1
526047,2125605,1
285104,2129192,1
390392,2129542,1
456034,2131085,1
479177,2131123,1
402001,2131599,1
442727,2131913,1
627146,2134580,1
172767,2136240,1
456542,2136557,1
479909,2138962,1
463650,2139522,1
1144144,2139783,1
658882,2141071,1
176504,2144883,1
177911,2145760,1
1171830,2148664,1
1144033,2149099,1
241371,2152266,1
260150,2152536,1
699459,2154378,1
705360,2154593,1
1143948,2156344,1
435355,2156621,1
638327,2159617,1
127296,2160240,1
648891,2160759,1
466663,2161122,1
682796,338662,1
1143879,2163499,1
629707,158979,1
147012,2164693,1
463438,2166871,1
572406,2166974,1
647216,2167468,1
698675,2167848,1
446077,2170256,1
684228,2171433,1
734755,2177151,1
549944,2182862,1
513942,2188002,1
536810,2188087,1
436922,681171,1
515973,2191261,1
587222,2191713,1
664621,60814,1
1181794,2192310,1
468198,2192851,1
386486,2193240,1
450713,2194234,1
17834,2194985,1
226076,2195470,1
110879,1732063,1
608216,2198825,1
1143469,2200172,1
152879,2200737,1
1143451,2202004,1
1143437,2203352,1
659837,2203758,1
466306,2205112,1
309491,2206902,1
515161,2207526,1
598011,2209407,1
462181,343317,1
555166,2212151,1
41634,2212759,1
443267,2212936,1
134759,2213603,1
477217,2213921,1
63,2215534,1
447535,2215814,1
1143294,2217743,1
214483,2223539,1
248857,2225199,1
685595,2226432,1
466588,2228222,1
414069,2231836,1
593669,825628,1
427834,2234384,1
127469,2235426,1
511098,2235626,1
573830,2236010,1
733005,2236578,1
663955,2237017,1
628952,2238531,1
568396,2238539,1
1076977,2242490,1
78092,2245073,1
267116,2245852,1
945386,2247051,1
75692,2247368,1
860214,2248433,1
864807,2249296,1
281587,2251356,1
173938,2251707,1
1073947,2252105,1
1018580,2252256,1
1070218,2253742,1
839494,2255470,1
973628,2255534,1
906310,2257403,1
927096,2260102,1
170119,2261190,1
898883,2261582,1
885523,2262136,1
333061,2264286,1
849910,2265841,1
1142814,2266868,1
1142760,2272124,1
1142759,2272247,1
836665,1083738,1
320135,2273213,1
561683,2276301,1
1050163,2276398,1
806039,966645,1
945401,1876424,1
259893,2279014,1
896286,2279715,1
803689,429717,1
927536,2285925,1
1024566,2289567,1
1142576,2290832,1
901917,1707821,1
183082,2297556,1
890739,2297823,1
823850,2298493,1
144978,2298935,1
836523,2299610,1
117877,2303014,1
790805,2305371,1
831068,2305508,1
929816,2305764,1
862398,2306196,1
85472,2306514,1
923823,2306727,1
1075814,2307837,1
892033,2310222,1
906022,2312149,1
850643,2313989,1
839091,2118046,1
973043,2325967,1
46959,1048811,1
1142219,2326577,1
821568,484914,1
998755,2330876,1
783465,2330891,1
903888,2334492,1
283776,121899,1
898583,2336829,1
130066,2337038,1
341156,2337078,1
84527,2337897,1
242850,2339415,1
1171637,2340175,1
1040965,2341923,1
761399,2342217,1
1054244,1037784,1
145205,2345861,1
944651,2347099,1
393985,2350160,1
1046955,2350816,1
761696,2350973,1
82611,2358313,1
1031164,2358492,1
850025,2358597,1
1141860,2360235,1
862790,2361584,1
940292,2370421,1
878087,2377266,1
853110,2377839,1
1022578,2377902,1
768329,2378020,1
1141672,2378296,1
982762,2380152,1
44046,2380472,1
223222,2387571,1
3112,2391602,1
314287,2391634,1
1063255,2392023,1
1141507,2392795,1
241575,2394430,1
1141489,2394723,1
845477,2397469,1
879512,2399873,1
910157,2400125,1
925264,2401419,1
940191,2402889,1
1044563,2403054,1
786750,2412610,1
852101,2413031,1
1141275,2416666,1
950906,2418277,1
832737,2422263,1
922778,2422407,1
1141211,2422454,1
797115,2422461,1
183954,2425801,1
1181565,2425963,1
774989,2426582,1
819552,2428350,1
996443,2429027,1
772446,2432496,1
779894,2434140,1
1141090,2434703,1
887077,2434770,1
813341,2442303,1
979974,2442771,1
810928,2444878,1
58249,2447943,1
992764,2449577,1
883335,2451906,1
243273,1887417,1
1140893,2454133,1
913599,2457174,1
237030,2458805,1
320577,2460776,1
926364,2464595,1
777562,380235,1
869452,2465356,1
56057,2467035,1
772910,2467946,1
1140750,2468579,1
964909,2470074,1
864147,2471396,1
219634,2473707,1
1140689,2474145,1
793065,2476411,1
788622,2477960,1
811234,2480203,1
129311,2481134,1
25421,2481149,1
137248,2483817,1
1022783,2485147,1
704508,2486090,1
846416,1433885,1
970829,2491677,1
2633,2491756,1
1174439,2492592,1
8034,2493382,1
73635,2496508,1
1031997,2496919,1
1077446,2498538,1
1006873,2501110,1
889070,2501233,1
1181497,2502835,1
917236,2503631,1
852662,2504135,1
102087,2504201,1
1077310,2505059,1
988413,2505972,1
555986,2506259,1
774586,2507305,1
53798,2507397,1
441975,2508805,1
981186,2509885,1
115954,2510096,1
223290,48797,1
1049433,2512090,1
791978,2512306,1
1025563,50361,1
961798,2513732,1
918370,2515187,1
312846,2515957,1
1042131,2515965,1
138833,2516885,1
822506,2518093,1
1035887,2519146,1
857248,2520730,1
970394,2521286,1
793089,2521951,1
25825,2522955,1
944839,2523812,1
1140157,2525970,1
814886,2528019,1
1044711,2528169,1
1044828,2530662,1
1069641,2533370,1
1140084,2533546,1
1023656,2537877,1
1000080,2541935,1
772070,2545785,1
788408,2546218,1
830826,2547135,1
1171434,2547290,1
883068,2547506,1
476924,2551570,1
236131,2553842,1
913331,2554945,1
974892,2555164,1
84673,1193589,1
941284,2558837,1
922692,2561356,1
765867,2561839,1
204382,2563130,1
974695,2565808,1
1038082,2572454,1
831853,2573631,1
242015,78206,1
762947,2576875,1
57635,2578184,1
1034971,2580559,1
995398,2581441,1
1181417,2581790,1
927677,2583793,1
1004139,2585149,1
963812,2585594,1
913154,2586163,1
858158,2586628,1
19650,2586736,1
75162,2587343,1
769350,2587879,1
781740,2588850,1
951431,2588968,1
890138,2594143,1
1065473,2595416,1
798282,2596263,1
962144,2596291,1
1070065,2596736,1
904138,2600396,1
180408,2600762,1
789361,2605181,1
762839,2606723,1
177567,2607576,1
186052,2608232,1
1016521,1203555,1
916008,2614110,1
763527,2615512,1
345968,2620583,1
850506,773243,1
20587,2623189,1
916910,1420528,1
919225,2623371,1
239225,2626459,1
981175,2632914,1
885194,2634418,1
1016351,2637535,1
1138970,2637646,1
826663,2639418,1
132475,2640654,1
764402,2641642,1
256662,2643562,1
914785,2643676,1
180735,2644039,1
1138893,2644312,1
956344,2645132,1
127144,2646279,1
786681,2646673,1
264921,220060,1
787858,2649624,1
977936,2650406,1
23999,385889,1
989343,2652309,1
842044,2655547,1
867393,2301119,1
933663,1418684,1
193711,2660100,1
944391,2661558,1
302377,2666864,1
1185409,2669724,1
676947,2672097,1
401644,2672621,1
992767,2676185,1
383273,2676221,1
894066,958539,1
1016731,2677590,1
290768,101026,1
16643,2677657,1
930724,2679954,1
1023086,2684419,1
767318,2685103,1
940415,2687855,1
1075294,2690000,1
100924,2585723,1
267354,296069,1
1138418,2692249,1
996655,2692484,1
779228,2692901,1
1005848,606777,1
1138395,2694484,1
803504,2694630,1
834000,2696146,1
973626,2696688,1
1011561,2697268,1
842116,2697360,1
958565,2697511,1
957128,2698391,1
821266,2699555,1
1138325,2701662,1
1006460,2702323,1
863991,2705969,1
973391,2706463,1
138163,2706950,1
985118,2708229,1
496031,2710765,1
392168,2711683,1
977664,2713131,1
909946,2714735,1
84868,2715830,1
137871,2718343,1
502524,1579732,1
993735,2718664,1
519593,2719121,1
1138137,2720205,1
783372,2721706,1
902415,2722562,1
825097,2722787,1
794008,2724512,1
520542,2724881,1
192677,458233,1
883253,2726319,1
777232,2726385,1
811097,2726475,1
117012,2727427,1
976566,2730344,1
792846,2732079,1
981958,2732685,1
801867,2732799,1
414652,2735074,1
961365,2737677,1
1081442,2738297,1
243677,2742877,1
772277,2744308,1
1171250,2745567,1
986445,2747123,1
891939,2749978,1
993232,2750652,1
1137795,2751396,1
39781,2752083,1
1038038,2756126,1
1052443,2756461,1
163784,2758184,1
307565,2758805,1
1032254,2759932,1
310293,2760086,1
901982,1083738,1
54670,2773970,1
793666,2774053,1
884498,2774240,1
687747,2775632,1
771337,2776508,1
959370,2776749,1
949453,2778186,1
1038970,2779595,1
386696,2779970,1
1042636,2781234,1
1037065,2781392,1
892508,2781832,1
816040,2783209,1
901731,2787825,1
393117,2792801,1
852687,1278752,1
905126,703507,1
1137302,2798426,1
994316,2799547,1
879050,2800027,1
289068,2804909,1
814099,2805468,1
762960,2806032,1
986088,2807794,1
815590,2807846,1
862941,2811122,1
173361,2812366,1
867260,2813137,1
1032138,2813892,1
984497,2814315,1
72612,2815579,1
456781,1944454,1
1039344,2815892,1
1037234,442307,1
979154,2816776,1
913055,2328726,1
1137101,2818354,1
1181193,2819453,1
780220,2821807,1
830796,2824445,1
1137036,2824545,1
1078358,2825613,1
940578,2825848,1
996915,2826301,1
772361,2829089,1
163694,2830900,1
1074501,2831540,1
129189,2832559,1
1171165,2833112,1
914187,2833697,1
109763,1125419,1
893717,429717,1
1171162,2836403,1
544066,2837871,1
269869,2838287,1
971776,1520455,1
830754,2839238,1
892142,121745,1
788732,2840010,1
968006,1557550,1
897369,2843847,1
105374,2847003,1
232536,2847192,1
1009981,2847817,1
770903,2848662,1
1056455,2850638,1
1081037,2850885,1
739108,2851585,1
821330,539728,1
999715,2853146,1
893989,2853303,1
305480,2854952,1
923956,2855681,1
411330,2858691,1
17312,2199444,1
936717,2860686,1
695541,2860699,1
135277,2862327,1
848202,1467953,1
906301,2864946,1
231049,2868254,1
925609,2868589,1
7782,2871185,1
964426,2662515,1
998061,2874606,1
297338,2875213,1
804335,2875474,1
177297,2880161,1
1025409,2886191,1
927783,2888128,1
35457,1898566,1
964959,2888664,1
802311,2890267,1
1050273,2891728,1
301983,2892984,1
859124,2894226,1
94290,2895745,1
959644,2898073,1
953781,905398,1
923360,325747,1
972507,2899721,1
206026,2899974,1
569135,316116,1
934074,2902093,1
514746,2902345,1
92221,2906256,1
27668,2906422,1
1048096,2907832,1
846708,2909678,1
548081,2910011,1
1021200,2910922,1
1039402,2911137,1
927437,2911489,1
189573,1340096,1
917020,2917967,1
1046825,2918870,1
957615,2919801,1
151703,2920747,1
877547,1029914,1
729150,2921713,1
641397,369813,1
772646,2924668,1
1003896,2928796,1
420205,2059608,1
962614,75010,1
838707,978007,1
798128,2931723,1
292058,2932715,1
1181082,2932856,1
680388,2933307,1
306679,2936262,1
984406,2937530,1
1070677,2937569,1
167773,2938228,1
870591,922241,1
844274,1321594,1
582409,2941202,1
1005210,2943889,1
825535,958539,1
959983,2947451,1
1030341,2948282,1
797351,2949733,1
937639,2950304,1
852490,2951246,1
23675,2951881,1
909519,2952666,1
923700,2955438,1
438701,2957540,1
551142,2957854,1
882794,2957881,1
582221,2958151,1
1006023,2958584,1
123047,2959038,1
6426,2961579,1
192822,2963382,1
946824,2964613,1
450984,2964843,1
94314,1928828,1
703859,2966388,1
812222,2967123,1
850387,2967376,1
896578,112914,1
901409,575071,1
870219,1328612,1
922813,2976163,1
888217,2976264,1
800487,2976392,1
335820,2976908,1
44868,2978200,1
144567,2978840,1
1004016,2978866,1
918009,2989246,1
659412,2989892,1
446839,2992005,1
1185718,2994001,1
297002,2994847,1
505649,2962854,1
761924,2996833,1
922777,2422407,1
1053030,2997113,1
490504,2997793,1
954646,2998206,1
1043807,1508457,1
1059517,3000776,1
141970,3003090,1
458693,1705344,1
781148,3006799,1
909062,3010961,1
820724,3012132,1
1009813,3013019,1
510099,3013259,1
1081131,3014446,1
196095,3014670,1
968772,3014732,1
410829,3015919,1
685525,699840,1
761923,2996833,1
855151,3021068,1
813242,3023730,1
298589,3023844,1
277953,610884,1
32988,1125419,1
154470,3024841,1
926761,3026696,1
845013,3027639,1
796315,3028841,1
215294,3029985,1
985647,3031672,1
29903,3035153,1
788266,3038276,1
972129,3038573,1
50343,3039801,1
739511,3040117,1
55889,1777265,1
1073697,3041137,1
197783,3042563,1
558744,3042632,1
6278,3045174,1
1019614,3048159,1
1047231,3048391,1
931250,3050388,1
909468,3050972,1
700558,3053087,1
427512,3053766,1
982288,3056693,1
441825,3056777,1
190372,1340096,1
793498,3057163,1
883820,3058438,1
1009403,3059586,1
923124,3063068,1
838549,3063443,1
905816,20498,1
948356,3068023,1
914163,3070651,1
747667,2149758,1
355708,3078310,1
873068,3079858,1
945534,3085162,1
838546,3088010,1
929224,3088604,1
119408,3089476,1
243457,499933,1
729545,3090868,1
182861,3091464,1
72570,3092468,1
190426,263120,1
1079410,3094923,1
942820,3094988,1
1050470,3096664,1
929976,148297,1
902368,1038118,1
967280,3097552,1
915464,280302,1
952974,3098785,1
490247,3100039,1
857441,3101550,1
899290,3104161,1
924390,3105121,1
482131,3106450,1
165833,3107984,1
203238,3108613,1
995857,157438,1
878638,3110353,1
484449,3110559,1
227312,3111664,1
1048539,3113026,1
178006,3117003,1
802846,3119087,1
983381,3119356,1
979640,3122141,1
623446,3123409,1
63673,3124408,1
586431,3124744,1
602810,3125348,1
873211,3125518,1
862829,3125607,1
253012,3126576,1
689522,3126781,1
777452,2724208,1
857361,3127664,1
1057492,3129244,1
891101,3130002,1
910547,50146,1
810719,3131792,1
1076115,3133098,1
805934,3135408,1
644627,3139058,1
577081,3140942,1
1170864,3141137,1
1023652,3143868,1
285819,3144058,1
204149,3144121,1
934655,3144720,1
305269,657064,1
1008262,3145873,1
246641,3146158,1
86076,3146448,1
837906,3146680,1
447351,3148206,1
323727,3149562,1
813253,3150344,1
1052516,3153810,1
1037455,3154927,1
954490,3156442,1
815471,3157513,1
1029346,3157921,1
1044793,3158849,1
39788,3162535,1
847416,3166765,1
1041484,2370787,1
930400,2566760,1
872135,3172315,1
114894,3172752,1
1022875,3175155,1
848780,3176611,1
898783,3180319,1
868985,3180790,1
297881,2199444,1
70235,3183229,1
1049898,3184087,1
773448,3184432,1
887267,3184677,1
795756,3185254,1
388651,3186120,1
1180838,3188127,1
1013566,3191950,1
1014183,1979742,1
56507,1481059,1
1002757,3198624,1
239496,3198725,1
251964,1349092,1
778450,3199610,1
1170806,3200364,1
37518,3200407,1
986414,3200548,1
833434,1944454,1
891758,3205454,1
859304,3207749,1
254491,574797,1
781597,3209660,1
100196,3211722,1
916529,3211729,1
1016402,3214883,1
1074283,71485,1
1003453,3218274,1
35618,3218520,1
791420,3219038,1
932685,3219417,1
56548,3220473,1
763206,3220576,1
326677,1465550,1
872976,3222819,1
31070,3223064,1
927987,3224475,1
352288,3229050,1
1180799,1550266,1
763120,3232425,1
903039,3232601,1
1051851,3235423,1
936236,3238043,1
75453,3238073,1
911973,280302,1
796009,3241483,1
969173,3242125,1
909428,3244166,1
947913,3244715,1
837065,3245454,1
999467,3245601,1
918958,2489666,1
534762,3247228,1
981325,3248535,1
873953,3248996,1
669007,3249633,1
979060,3249692,1
905846,3249835,1
1030075,3252193,1
316219,2432562,1
903124,3256326,1
825537,3257047,1
919149,3259885,1
907161,1372274,1
312615,3262265,1
789276,3266079,1
909224,3266553,1
215765,3269418,1
1056334,3269569,1
817170,3271212,1
515599,3271798,1
270692,464858,1
1060557,3273705,1
980841,3274772,1
42288,3277279,1
827839,3279066,1
631461,3279192,1
992401,3280566,1
877015,3282730,1
828269,3283238,1
976596,3284298,1
925708,3285651,1
589327,3286694,1
732982,3287468,1
1025995,3289788,1
634816,118193,1
1023178,3291870,1
982854,3293967,1
167817,3295363,1
1001639,3295612,1
1039966,3295913,1
56378,3295927,1
960510,3296003,1
941671,3297178,1
1059597,3298192,1
293370,3298384,1
947920,2437260,1
884865,2646673,1
1057807,2038621,1
683908,3305289,1
840118,3308112,1
981978,3308662,1
949094,3311544,1
836984,3311834,1
725552,3312413,1
1034695,3312550,1
604759,3315033,1
231635,2064216,1
56162,598828,1
468774,3319966,1
397788,3320786,1
437841,3321782,1
324446,3322438,1
1024545,3323423,1
715881,84877,1
808149,3328201,1
136455,3330829,1
1029648,3332666,1
886463,1720532,1
874745,3336368,1
905431,3337565,1
837767,3340919,1
791187,3341254,1
1048516,3341285,1
742759,3344441,1
874343,3345502,1
355073,3345966,1
1049425,3347494,1
921130,3347947,1
926486,3348943,1
364874,3350412,1
947782,3351494,1
170661,2498538,1
932535,2498295,1
938688,2518486,1
979130,3358961,1
154226,3364551,1
1028681,3369977,1
935391,3174342,1
925629,3370382,1
1032166,3371229,1
194616,3371754,1
70938,3373602,1
330261,121899,1
1009820,3373993,1
593712,3374674,1
957088,3375202,1
1039513,1886140,1
233866,3380749,1
94283,3382034,1
783296,3383461,1
827428,3383572,1
354972,3384354,1
806628,3386301,1
876034,3386881,1
802740,3389182,1
830003,3391328,1
864707,3392812,1
990366,3393913,1
989031,3396014,1
1069070,3396900,1
916228,3397261,1
994860,3399455,1
703720,3399961,1
777371,3405051,1
1000368,2840610,1
327442,3408903,1
894138,3410969,1
944294,3411857,1
301183,3417689,1
720108,3417810,1
894393,3418646,1
952750,3419069,1
830546,3422344,1
890312,3429567,1
888486,3429844,1
1184347,3434453,1
1032473,3435770,1
919770,3437684,1
1055064,3439824,1
898001,3440706,1
397868,3440848,1
815795,3441115,1
314310,657064,1
1081501,3443775,1
8744,3444972,1
857630,3444983,1
201781,3445189,1
986165,3445344,1
1180593,3448473,1
1081539,3370844,1
765591,3449515,1
973326,3450237,1
835410,3450333,1
920004,3450699,1
827255,3452296,1
994049,3453044,1
1170560,3453126,1
1056308,3453665,1
200353,3453824,1
777391,1026323,1
599758,2830931,1
329882,716880,1
252497,3465381,1
858333,3466098,1
168172,3467078,1
687825,3468866,1
851999,3469604,1
422160,3470277,1
379035,3470338,1
165810,3470752,1
1037200,3472214,1
810350,3472453,1
148745,3475896,1
53589,2840610,1
238390,3476351,1
779773,3476373,1
838921,3476815,1
927152,3134992,1
885745,3477843,1
666241,3479732,1
1066710,3480361,1
972816,3482570,1
859033,3483626,1
121069,3483969,1
208791,3485019,1
148854,3487028,1
926236,3487243,1
712776,3487303,1
1060935,3487650,1
1036150,3490360,1
981187,2509885,1
248675,3490568,1
184065,3133098,1
1012127,1103100,1
110381,3496424,1
599202,3497469,1
1070917,3501312,1
768648,3501579,1
528050,3502269,1
909942,3505698,1
204844,338662,1
306971,3507987,1
953512,3510393,1
988234,3512076,1
811966,1151080,1
571496,3513768,1
576141,3513879,1
370643,3513958,1
1078125,3514607,1
952688,3515196,1
221074,3515376,1
1027784,3515453,1
281484,3515766,1
797503,3517209,1
591359,2425890,1
852287,3518389,1
642086,3518706,1
872411,3520230,1
1059366,3521841,1
41894,3522238,1
875778,772912,1
992760,3522893,1
1052907,3525821,1
872069,3526006,1
786113,3528717,1
30345,3529050,1
838606,2685103,1
997549,3533647,1
973145,3534401,1
823883,3539305,1
237051,3540319,1
987073,3540988,1
492265,3542490,1
87020,3542732,1
854724,3543401,1
686231,3547714,1
119315,3549887,1
1080745,148297,1
122892,3554513,1
989298,3555808,1
950545,3556119,1
52497,3557237,1
960820,3560662,1
93323,431519,1
13510,1342091,1
939495,3565522,1
1170450,3566010,1
237196,3566215,1
807477,3572430,1
994116,3574147,1
77367,463383,1
1023611,3579289,1
165816,3580962,1
991864,3582390,1
2690,3583705,1
1043649,3584084,1
940883,3584158,1
939114,3585202,1
1081927,3586112,1
1009700,3587149,1
1011059,1430483,1
219374,1283535,1
862176,3593435,1
176495,3593914,1
779655,1931405,1
863536,3594336,1
990618,3594971,1
129869,557416,1
804632,764026,1
753646,3597769,1
1065907,3598926,1
850925,3599579,1
773905,3599697,1
941469,3600409,1
439476,3602883,1
980034,739734,1
1180439,3603809,1
334845,3603851,1
819681,3605627,1
246976,3606961,1
206329,718516,1
1037014,3607980,1
825964,3608171,1
751418,3608367,1
962611,3364874,1
870065,3614203,1
814381,3616316,1
893753,429717,1
614601,2541935,1
826278,3617820,1
747523,3618233,1
322603,3618344,1
434015,3618765,1
1038889,3619647,1
969164,3619675,1
902128,2853303,1
858797,3621952,1
801857,3622593,1
416257,3622627,1
732882,3623701,1
869145,3624321,1
898438,3626485,1
859133,3626804,1
783974,3629552,1
1020716,3630207,1
23973,3632703,1
1027918,3633721,1
14721,832570,1
978864,3637291,1
894825,3639854,1
317804,3642151,1
870984,3643021,1
377396,3644387,1
843375,3644436,1
842823,2699555,1
374556,3648071,1
1072499,3648292,1
787219,664917,1
1016467,3649404,1
1039223,3649962,1
641033,3654327,1
815023,3654972,1
832997,68908,1
893503,3658836,1
103967,159768,1
724801,3661414,1
1180383,3661577,1
292511,3663665,1
920343,3664896,1
1066901,3665200,1
770654,3665273,1
193902,3665559,1
901442,3667504,1
822832,3669038,1
651007,3669218,1
392520,3669372,1
763785,3670507,1
262562,3670870,1
1012301,3672422,1
782798,3672618,1
940393,1123931,1
887529,3674181,1
404586,3676547,1
1052006,3676738,1
59675,3679333,1
323696,3681952,1
919919,3685512,1
888943,3687007,1
900759,3687534,1
1000859,3688842,1
1055151,3691085,1
898533,3691418,1
447023,3691769,1
51061,3691791,1
990688,3697206,1
392854,3699849,1
970056,3706633,1
885496,3706686,1
914563,3706709,1
1035698,3707094,1
76787,3708528,1
933181,3709447,1
872151,3709701,1
1002093,3711053,1
985103,3712231,1
1022170,3712647,1
671784,3594383,1
989800,3713593,1
328583,3714841,1
51742,3717064,1
851320,2887624,1
368654,3719941,1
984079,3720105,1
937473,3721402,1
830488,3722762,1
933177,3724451,1
552197,3725153,1
10553,3728542,1
139994,3729001,1
789503,3735918,1
710039,148297,1
879846,3740169,1
796249,3740919,1
195087,3743110,1
1032413,3743246,1
513269,2384590,1
902409,26129,1
819105,3745002,1
799186,3745140,1
152610,3745255,1
787117,3753656,1
327619,1898566,1
996885,3755062,1
766555,3755345,1
233770,52290,1
216438,3762715,1
906118,2442425,1
247413,3769040,1
283799,3769481,1
1034170,3769575,1
909070,118193,1
1002041,50361,1
178724,1291172,1
591770,3774357,1
777300,3776162,1
915749,3776366,1
965487,3778107,1
515300,3779621,1
1078810,3779694,1
1036045,1156837,1
334038,3780877,1
973238,3639913,1
772306,3782996,1
102145,3290480,1
1055550,3790536,1
516572,3793671,1
411721,3793801,1
309103,3793834,1
880302,2507305,1
1031817,2982986,1
391942,3805486,1
126613,3806411,1
62153,50146,1
909481,3807934,1
939292,3809254,1
607709,3809344,1
247145,575071,1
815210,3811781,1
1022518,3813067,1
957021,3813984,1
262660,3817083,1
974895,3187959,1
983829,3817392,1
1012588,3818303,1
802252,3819512,1
127405,1532007,1
31946,910922,1
948769,3823991,1
83797,3826213,1
1051528,3543385,1
819704,3829193,1
281389,3829597,1
528853,3832537,1
111884,3835129,1
22796,3837137,1
235327,1013224,1
1020106,3837346,1
436636,3839849,1
863272,1150270,1
847422,3855078,1
841875,2068968,1
4075,3857347,1
969246,3858026,1
604179,3858047,1
807358,3858498,1
863774,3859121,1
1002934,3860342,1
401558,114621,1
575303,3863865,1
975789,3341598,1
567755,3866278,1
305220,3866550,1
965360,3867890,1
1049322,3869029,1
311664,3870273,1
792392,1057355,1
735565,3874224,1
436787,2605371,1
965743,3878581,1
791265,3880386,1
809696,3881831,1
181607,3882189,1
1050806,3884059,1
1003405,3884082,1
970572,3884856,1
165678,827295,1
201322,3887668,1
565308,3888738,1
777537,2163499,1
890127,3889760,1
1010130,3890355,1
10280,3891134,1
838041,3892092,1
154688,3892435,1
845445,3893650,1
860084,3893721,1
922556,54337,1
129600,2582664,1
576236,3895709,1
972077,2470077,1
865052,3901380,1
982293,3694076,1
875296,3903149,1
932517,3903291,1
301879,3906648,1
25064,3906954,1
185525,3907649,1
907577,3908938,1
989293,3909789,1
1061223,3910715,1
1170097,3911727,1
310327,917178,1
322068,3914327,1
1014810,3915768,1
110017,433372,1
819660,328962,1
1170090,3917099,1
950571,3917465,1
961589,47733,1
176165,121745,1
269258,3925271,1
894002,3926491,1
766171,3927447,1
908178,3928079,1
567965,735198,1
492999,3552553,1
771181,3936019,1
166041,3937257,1
959431,3937454,1
1071286,3937547,1
1050299,3937747,1
905909,3938287,1
828072,3939238,1
279032,3654327,1
1170062,3939743,1
1180095,533041,1
1037421,3944611,1
688938,3944909,1
33643,3947144,1
1065322,494586,1
1039310,3949184,1
568214,3950955,1
180318,3952536,1
860351,3953344,1
856728,3955669,1
1170035,3963457,1
921868,3964095,1
768614,1192916,1
1048309,3965369,1
540716,3966884,1
818102,3966927,1
934042,3967919,1
902235,92150,1
902524,3969043,1
779283,3972862,1
797309,394526,1
1180060,3975066,1
898224,3976434,1
777315,3976562,1
773941,3976784,1
893099,3977321,1
957822,2451372,1
949560,3981467,1
777212,3981506,1
1048915,3981792,1
17289,1069092,1
1011145,3983629,1
782816,3985973,1
1036997,3986004,1
930509,3987123,1
849096,3989421,1
83605,3990555,1
159801,3990841,1
660844,1372274,1
1039063,3995478,1
238862,3996381,1
983398,3996597,1
724155,3997762,1
736604,247591,1
442163,4000815,1
929163,4001610,1
790155,2933761,1
881134,4002886,1
818826,4005275,1
33357,4005454,1
1016543,4005597,1
1013255,4005673,1
11577,4005908,1
467329,4006516,1
821520,4006832,1
21846,4007469,1
587809,4010654,1
850341,4011267,1
998775,4011745,1
763380,4012926,1
98533,4013028,1
505553,4014522,1
543723,4014616,1
1058128,4014812,1
675613,4015379,1
822786,4016523,1
812022,4017112,1
827005,2605371,1
819202,4021615,1
942134,2949090,1
1032793,4022044,1
89165,4022274,1
842604,4022772,1
1061357,4023435,1
928008,4023797,1
264375,499933,1
783357,4024639,1
943755,4026155,1
1064669,4028071,1
552908,4028098,1
854561,4030364,1
1033769,4033003,1
954182,4034512,1
796277,4035648,1
985804,4037471,1
691260,4038320,1
875270,4038982,1
977115,4039823,1
1024479,4040900,1
270575,4042429,1
410551,4042497,1
33750,4043146,1
72439,4044330,1
926985,4044893,1
807872,3515453,1
806766,4047515,1
1051869,3496241,1
7750,561200,1
44151,4049479,1
1004181,4050440,1
1024303,2085291,1
899703,4053571,1
973475,4053921,1
1179978,3996469,1
837215,2934632,1
968504,4057374,1
836737,4058113,1
995959,4058521,1
909445,4058619,1
1063764,4060164,1
354800,4062911,1
366706,4062975,1
817163,4064443,1
131801,2194234,1
135833,4065884,1
936847,2417606,1
1075364,4067202,1
1051702,4068413,1
892657,4069022,1
792540,4069163,1
430091,4071319,1
581527,4077694,1
247520,4078572,1
355575,4079244,1
12519,1161415,1
1066311,4083210,1
836915,1254281,1
644859,4085664,1
290466,357363,1
327451,4095156,1
1007377,280302,1
647915,1679828,1
895365,4097475,1
837259,4099882,1
1039458,2386790,1
1049653,4103256,1
1049931,4103980,1
161208,4104779,1
67178,4105884,1
768617,4106435,1
997434,4108741,1
903918,4109176,1
167142,4109727,1
909788,4111928,1
621777,4112979,1
562467,4113687,1
757377,4113959,1
990548,4114210,1
806714,4049479,1
1005522,4117583,1
667375,4118203,1
771249,4123401,1
15261,4124722,1
1010798,4125966,1
24361,4126935,1
1072808,4128349,1
1005642,4129251,1
249235,4130506,1
130872,1243134,1
67722,4131137,1
984603,3872513,1
834771,4133205,1
477014,4135050,1
1059979,4135398,1
1040902,4136893,1
1071967,4136955,1
941468,4137195,1
925706,4137426,1
972645,4138186,1
967061,4138706,1
81110,4138916,1
136542,4140127,1
177376,4141847,1
861914,4141861,1
188658,4141910,1
879327,4142925,1
37950,2862746,1
1042803,4147433,1
1028864,4149066,1
776897,4149332,1
781815,4150557,1
1185263,4150692,1
804593,4150745,1
136338,4150889,1
204801,4154181,1
326545,1946246,1
1033421,4158441,1
31613,4158692,1
773348,4159591,1
796598,4159938,1
927836,3923111,1
1008465,2174497,1
600317,4164525,1
979510,4164747,1
955051,4164944,1
6851,743936,1
569581,524337,1
118612,4170506,1
989960,4170677,1
691200,4173726,1
249403,4174044,1
917346,4174080,1
885447,1847217,1
872572,4175039,1
583113,4175857,1
573625,331307,1
203490,4185167,1
329185,3306954,1
982928,4189110,1
279570,4189894,1
696482,4190642,1
157695,4191034,1
338475,4192421,1
242499,92152,1
1030605,4194923,1
986061,4195881,1
1000725,4197603,1
978866,4201743,1
777627,2196941,1
177505,4206714,1
781137,4207027,1
111631,4207536,1
1008316,4207679,1
1046411,4207980,1
959707,4208733,1
39330,3460952,1
852736,4212216,1
975698,4212693,1
44837,4212709,1
135482,4215128,1
273820,4216991,1
849047,4218703,1
980835,3274772,1
150105,4220145,1
26853,4220885,1
947247,4225667,1
960308,4226506,1
792941,4226532,1
1046119,4227338,1
1022372,4227390,1
170777,4228157,1
550489,4229636,1
921945,4230605,1
32888,4232440,1
762549,3600560,1
904076,59182,1
814591,4234541,1
465661,2185548,1
832002,4238900,1
933061,28092,1
949807,3240971,1
853240,652667,1
80715,4246630,1
134756,4249380,1
22456,4250332,1
255549,4250640,1
820544,2202841,1
56474,4253292,1
1076055,4254282,1
843644,4257197,1
280034,4257221,1
64109,4257501,1
737733,4258029,1
831363,4258863,1
995211,4259436,1
122350,4260571,1
1080075,4261161,1
1003984,4268674,1
1026838,4268901,1
827263,4270128,1
589453,735198,1
1067413,4270798,1
886905,4271106,1
906098,4271206,1
824283,4271624,1
614813,1300047,1
1041173,4277677,1
61115,4277849,1
207157,4277862,1
514692,559237,1
150074,3168914,1
850578,4279458,1
1056914,4282725,1
928343,4282840,1
520086,4283196,1
1070071,4283393,1
789168,2264399,1
310449,4287210,1
769827,4288084,1
10231,1254281,1
832597,4289057,1
577437,4290892,1
451140,4291522,1
354295,4292073,1
718788,4292706,1
864325,4190642,1
1169681,4295411,1
885330,4296991,1
891925,4298917,1
1169676,4300860,1
424652,4301506,1
277127,2687129,1
553612,3540289,1
833161,4301951,1
411794,4302048,1
722108,4302126,1
605717,4302330,1
657048,4302897,1
1184726,4303297,1
789469,2460985,1
1037508,4306357,1
576074,4308077,1
839910,1932924,1
195788,4309112,1
1075550,3187518,1
833093,4316822,1
144820,4317267,1
209213,4317469,1
14746,4317920,1
801481,4319142,1
649251,4319500,1
1169654,1047749,1
811899,4321233,1
384657,4322738,1
672544,4323022,1
1006541,4324790,1
845834,4325863,1
925470,4326732,1
977502,3023730,1
554843,4327104,1
782261,4329170,1
266395,4329991,1
888184,2976264,1
898177,3580991,1
909732,4337526,1
886393,4338757,1
906765,4338962,1
88673,4340172,1
788985,1320127,1
36505,4343845,1
846697,2276301,1
1029833,4344976,1
158991,4347034,1
966322,4349038,1
1179689,4349765,1
952657,4351100,1
580510,4351728,1
830716,4353887,1
1080128,4354475,1
195048,4354725,1
953528,4355341,1
420399,4356169,1
792707,4358127,1
961479,4359224,1
773366,4359932,1
111118,4361880,1
167735,4366653,1
149378,4368432,1
16092,4368770,1
1033050,4370312,1
927543,4370857,1
590012,4372589,1
898130,4377449,1
140765,945502,1
39926,4380158,1
761992,4381273,1
837321,4382494,1
150943,4382775,1
1005566,4384297,1
997239,4387914,1
1032325,4389073,1
522391,4389504,1
131762,4391120,1
74871,4391228,1
839950,4391974,1
151538,4397193,1
917651,4400863,1
781746,4401604,1
608212,4402154,1
1029925,4403561,1
698277,354785,1
825380,4404834,1
988566,2505972,1
973704,4405901,1
790839,4408659,1
206340,4409895,1
1053824,4410893,1
840435,4411821,1
917795,2882191,1
890919,4413441,1
37221,338662,1
831482,4417451,1
957456,4418780,1
1034098,4420282,1
851055,4420434,1
593302,4421324,1
1043422,394526,1
597149,4422152,1
737450,4422803,1
541159,4423114,1
937969,4423560,1
1052991,4426990,1
597460,4427370,1
868010,4429491,1
792447,4431446,1
763481,4432216,1
995399,2581441,1
595695,4433925,1
928873,2085291,1
324453,4435990,1
765545,4436461,1
836068,4436646,1
13702,4439311,1
971252,4441154,1
887455,4441319,1
981440,2305764,1
793246,4445886,1
1005740,4446142,1
780916,4446949,1
780616,4447438,1
800983,2267681,1
912014,4450766,1
858252,4452948,1
1041616,4453330,1
1059396,4455340,1
998996,4458164,1
1018872,4458299,1
976211,4458510,1
838612,4459382,1
995248,4459679,1
921713,4463752,1
331239,4464992,1
995002,4465481,1
837943,1142509,1
607698,4466762,1
574495,4466966,1
804201,4467558,1
755904,4467760,1
920441,4467805,1
846550,4469249,1
954101,4469549,1
761781,4470526,1
769701,4473883,1
966807,4474278,1
217415,4476424,1
232449,4476658,1
1033635,4477053,1
805222,4480027,1
785849,4480696,1
958345,4480839,1
326758,538123,1
226738,1571422,1
370431,4484591,1
955074,4463752,1
863356,4488009,1
203588,4488105,1
853749,4490865,1
893618,429717,1
986258,3555667,1
174163,4494245,1
783392,4494422,1
814341,4495681,1
747860,4495919,1
949689,4497748,1
14003,396856,1
114981,4498785,1
905439,703507,1
588116,4501411,1
277521,4501901,1
923845,4503431,1
391484,4504084,1
820897,4504796,1
860015,4507154,1
56423,4507244,1
950665,4507909,1
1022598,4507983,1
236454,4508719,1
31059,4511087,1
893639,429717,1
773870,4515898,1
777776,383493,1
899750,4517047,1
765773,4518473,1
286502,4518657,1
1010271,4518799,1
820464,4518824,1
564227,4519418,1
155014,4520041,1
822381,4520322,1
28318,4522341,1
973927,4524133,1
760714,4524245,1
907008,4527205,1
938903,4527259,1
326740,264661,1
959377,4528977,1
848615,157237,1
625338,118193,1
830466,4533390,1
763809,4534491,1
644110,4536905,1
784300,4541380,1
784300,4541381,1
617579,4543305,1
1012616,4543912,1
891744,4544595,1
982368,4546172,1
764186,4546715,1
893684,429717,1
900749,4553306,1
978772,4553849,1
913406,4555117,1
873415,4557075,1
56147,4557973,1
1003682,4558330,1
983997,4559406,1
41554,380235,1
958772,4562655,1
829385,4564836,1
898259,161933,1
877532,4566113,1
132463,4570782,1
812883,4571746,1
875863,4572306,1
158391,4572342,1
123351,4573763,1
44899,159720,1
217709,4575235,1
102770,4576640,1
696220,4576665,1
799876,4530883,1
97076,4577271,1
971424,582108,1
893614,1026323,1
296446,4581953,1
629284,3422075,1
809309,4583004,1
180884,4586317,1
817409,4587358,1
390507,4587848,1
893049,4588300,1
1016907,4589699,1
942851,3134992,1
928290,4594802,1
899599,4594947,1
625732,4595138,1
586974,4596556,1
903691,4596797,1
909494,4599044,1
952297,4601540,1
995965,4602218,1
244364,3271941,1
983219,4605948,1
1007655,4606160,1
618756,4606684,1
967970,4608435,1
821674,4609007,1
777755,380235,1
1024506,4282725,1
986638,4612315,1
874593,4612623,1
1038252,4613192,1
785220,4613360,1
20115,4613911,1
308158,4614620,1
1034579,4615062,1
636727,4254497,1
922779,2422407,1
885233,4619471,1
855979,4623660,1
1074983,4626919,1
872557,4627842,1
891647,4631689,1
49568,4340124,1
856639,2718181,1
121574,4636691,1
1049747,4639940,1
1038171,4642560,1
1179380,4647075,1
64198,4105884,1
786129,4648390,1
797431,4651614,1
401350,4653647,1
1029752,4653946,1
435956,4656023,1
309562,4656246,1
3477,561200,1
762717,4658063,1
564332,4660481,1
963327,4660924,1
827663,4662489,1
821346,4664724,1
1010653,4666306,1
951765,4666440,1
995110,4666452,1
879853,4667095,1
647302,4668305,1
1001260,4670229,1
486216,4677856,1
341534,2386790,1
127671,4679671,1
1026858,4681708,1
877815,4682712,1
926350,4685086,1
849756,4687048,1
969684,4689382,1
845010,4689653,1
264000,4689697,1
56414,4690205,1
1074523,4691190,1
487628,4692342,1
807953,4693178,1
946404,4695391,1
215665,4699152,1
1037332,4700106,1
1011945,2605371,1
444390,4704872,1
308384,4705266,1
191278,4706165,1
969578,4708370,1
818263,4708999,1
990707,4711835,1
931093,4712206,1
802807,4713556,1
245777,4714155,1
584281,303578,1
1009217,4716846,1
942421,4718159,1
791673,4718452,1
1066070,4718540,1
959069,4718736,1
249772,4722383,1
125265,4722671,1
917742,4723857,1
543595,4724133,1
188350,4724259,1
941158,2250830,1
991061,4726211,1
990603,4727169,1
1185750,4728933,1
898940,682919,1
801638,4730489,1
1035794,4730951,1
992194,4731776,1
653466,4732604,1
773916,4732781,1
977861,64977,1
1040261,4733937,1
994328,1264485,1
326781,2846534,1
607565,4739265,1
562535,1752714,1
939881,4742435,1
792027,3247517,1
262818,4745562,1
1179286,4745731,1
868438,1433885,1
1179283,4748977,1
782839,4749354,1
352213,4749647,1
877589,3901380,1
881982,4754317,1
349534,4755424,1
517044,4755553,1
896765,4756034,1
991292,4759221,1
367098,4759610,1
572758,4759753,1
142603,4761298,1
68622,4766478,1
55350,4770574,1
864270,4771810,1
916870,4774219,1
540116,4774234,1
984939,4775743,1
1035268,4776487,1
613933,4777118,1
275868,826992,1
921118,4780113,1
980823,4781269,1
977760,4783931,1
960578,4785105,1
1062629,4785227,1
981806,4786138,1
992004,4786461,1
839177,148297,1
1002147,4792278,1
991653,4793677,1
955390,2695913,1
844668,4794988,1
793503,4796532,1
235515,4796937,1
897658,4798377,1
936101,4798971,1
823170,4799345,1
988546,4802050,1
69678,4802345,1
645352,4803808,1
1024119,4804191,1
761360,4805676,1
941553,4807980,1
857820,4808696,1
182297,4810122,1
204729,4810384,1
973771,2646673,1
921611,4463752,1
306574,4814119,1
1068378,4817906,1
177170,4818692,1
32240,3290480,1
168401,4820637,1
887698,4821130,1
644332,4821649,1
327656,4823202,1
816600,4823495,1
292552,1894738,1
659034,4824032,1
235403,2900486,1
729381,4828425,1
884296,4829420,1
915123,4830786,1
1179198,4830805,1
1039303,65468,1
777427,4833464,1
794003,4834190,1
267872,4834544,1
992086,4835212,1
808574,1013224,1
267965,4837295,1
927993,4837792,1
245809,3110559,1
1026159,4839246,1
128418,4839894,1
944541,4842435,1
194163,4842671,1
841560,4843455,1
937095,4846131,1
81527,4853484,1
938548,4853581,1
1026763,4854000,1
820834,4854408,1
550358,2957854,1
191507,4856066,1
445803,4856896,1
1025693,2819062,1
290423,4861376,1
799266,4863674,1
826329,1623737,1
839988,4870270,1
751563,2159617,1
631334,2249550,1
1076961,4876612,1
887591,4877333,1
82266,4880063,1
935646,2418277,1
950193,4881941,1
405986,4886019,1
894905,4889196,1
1024790,4889324,1
939420,4890504,1
998349,4892128,1
164755,4894260,1
834986,4894725,1
817612,4895267,1
763647,4895482,1
63369,4897148,1
301833,3681952,1
174126,4899972,1
961040,4903705,1
908855,4906457,1
1184201,4907180,1
97260,4907451,1
987157,4908781,1
1035994,4910904,1
694512,4913627,1
230496,4917894,1
892097,4918297,1
307649,4614620,1
625184,881888,1
902799,4923608,1
672910,4924606,1
1003813,4925828,1
807336,4926197,1
844515,4927462,1
275551,4929047,1
1174185,4931279,1
998090,256591,1
856904,4933803,1
1008802,4934130,1
3785,4935865,1
805001,4936077,1
823613,4939788,1
984364,4942906,1
39493,4945835,1
991272,4947815,1
437439,4949685,1
40883,4951409,1
870397,4364745,1
195673,4954191,1
37644,4955921,1
901396,575071,1
984491,4956312,1
368707,4956575,1
7427,1254281,1
759187,4970312,1
275587,2150565,1
888617,4971941,1
940401,4973425,1
1050356,4975220,1
795037,4978122,1
104536,4979002,1
762994,4980448,1
959014,4981117,1
1168983,4981451,1
888794,4982986,1
206180,4984266,1
85795,213151,1
1040372,4985324,1
948921,4986115,1
615187,2517400,1
785282,4986212,1
884051,4987220,1
793144,4987760,1
1027747,4988036,1
461108,4988206,1
1179017,4990626,1
30549,4993096,1
459673,1899540,1
891265,14964,1
901040,2787825,1
1017657,4999836,1
1005863,2038621,1
50734,5002079,1
831590,5002365,1
897543,5002603,1
958008,4574980,1
1076860,5003170,1
789012,5005107,1
893861,5008774,1
920829,5013136,1
1029597,1847531,1
451441,329164,1
62462,5014398,1
269161,575071,1
656181,5015691,1
952085,5016094,1
206320,5018837,1
972510,5018866,1
708197,114621,1
862554,5021851,1
466813,5022391,1
976972,114621,1
253325,5024824,1
658280,558687,1
889103,5026910,1
87885,5027414,1
274582,5027798,1
496986,915090,1
702156,5032957,1
765221,5032989,1
12627,5035479,1
1045002,5036407,1
96594,5037165,1
238348,5038307,1
413471,5038419,1
771621,5040581,1
177747,5040686,1
1049848,5042207,1
978773,5043217,1
821180,3024841,1
1185794,5044193,1
132297,5045034,1
908563,5045251,1
989630,5047139,1
1004130,5047729,1
827328,5050980,1
1025018,23877,1
372611,5054343,1
778674,5055339,1
954364,5057600,1
881735,5058417,1
464686,5058443,1
1073419,5059405,1
39526,5060071,1
997209,5061462,1
861917,5066785,1
124722,5068003,1
884665,4559406,1
822797,5069250,1
881353,5070235,1
1053542,5070321,1
66336,5070791,1
870066,5070811,1
190699,5071648,1
1178933,5072845,1
808789,5073229,1
858064,328375,1
220879,5074862,1
870037,5077517,1
694553,5078134,1
1051094,5079729,1
761904,5081853,1
1047651,5082241,1
1016533,2420105,1
993505,5083830,1
861390,5086173,1
415338,5090678,1
955553,5090938,1
963342,5091044,1
884074,5095133,1
956570,5095799,1
1058738,5096726,1
32305,695979,1
1056460,5100674,1
1077643,5100904,1
828621,5101237,1
905730,5101787,1
774100,5102159,1
1024209,5103475,1
1079476,5104351,1
678921,5104418,1
55135,2212936,1
339215,5105544,1
622577,118193,1
427626,3967637,1
777076,5107860,1
614282,5109197,1
733566,5109510,1
832390,1950033,1
931622,5111477,1
915198,5113261,1
216856,5114701,1
806114,5115473,1
944528,3543839,1
739429,5118364,1
974900,5119242,1
349473,5121858,1
487,1933991,1
1055837,3063068,1
957602,5124593,1
1007171,5124971,1
925276,5125728,1
970465,284770,1
1020464,5127767,1
937250,5127877,1
818688,5130275,1
803505,5133283,1
828493,5135824,1
994670,5136684,1
1007212,5137735,1
278100,629903,1
1178861,5139981,1
515181,5142643,1
1178858,5143057,1
307206,1861581,1
1002392,3174342,1
1079853,5149681,1
13102,5150804,1
292373,5151212,1
172190,5151647,1
421906,5154083,1
637533,5154744,1
15423,5154980,1
957043,5157738,1
661479,922241,1
968576,5159304,1
994433,5160399,1
159860,1169387,1
842900,5161901,1
986509,5162482,1
980067,5163567,1
269472,3628105,1
817382,2046519,1
1010924,5170102,1
916489,5170949,1
303365,1684316,1
1168774,5174953,1
216779,5175429,1
467080,5179502,1
118848,5181475,1
121353,2679954,1
1066751,5185370,1
1168763,5186501,1
359811,5189502,1
763091,5190080,1
260152,5191637,1
814242,2499370,1
830965,5196691,1
88155,47203,1
767120,5197575,1
889928,5197882,1
248048,5200279,1
275266,429717,1
817395,5200712,1
125677,5201159,1
947013,5201224,1
799070,5201411,1
159558,5201517,1
576132,5201523,1
463504,5204882,1
298931,5205237,1
249268,2858099,1
435066,5206221,1
787369,5206238,1
707746,5206665,1
909959,5208637,1
1023943,2172186,1
813656,5209166,1
922845,5210406,1
692716,5211519,1
1058464,5211565,1
980727,5216226,1
767197,5218357,1
966326,350154,1
189227,5221650,1
972352,5223498,1
766973,5225814,1
616087,5227670,1
80357,5227909,1
41545,5231631,1
1028804,2834112,1
148974,5232473,1
901085,179799,1
912275,5241086,1
993558,5242775,1
789653,4895482,1
1077773,5249094,1
210114,5250226,1
1017754,3779595,1
898902,5250486,1
110594,5251916,1
247590,575071,1
507457,758888,1
579686,5257497,1
20272,5258319,1
869200,5261577,1
958426,5262235,1
246715,5263810,1
992428,5264371,1
918795,5264483,1
1185146,5264931,1
429002,5265087,1
776881,4149332,1
1011688,5268203,1
112392,5269851,1
73267,5271608,1
1032395,5272228,1
1065908,5274807,1
716133,5276266,1
814672,5277567,1
1014273,5280170,1
824480,5282985,1
60916,5284518,1
1077074,5284897,1
972894,5287691,1
875300,5289187,1
923985,5289441,1
914725,5292953,1
309165,5293559,1
1065156,5293593,1
912382,5294195,1
25618,5296736,1
969167,5298538,1
973940,5300037,1
602644,5300130,1
879937,2965865,1
205976,5300820,1
58821,5301621,1
947545,704376,1
874851,5303832,1
912725,4894906,1
1070434,915090,1
1058720,5311732,1
766577,5314642,1
811490,5316764,1
271465,738442,1
208690,5318996,1
521542,20498,1
828450,5323216,1
277235,4277849,1
310716,5325298,1
302504,1487950,1
893526,5327530,1
885469,5329569,1
1047541,5329608,1
26913,5330139,1
932653,5331711,1
1005296,5332626,1
797352,5332776,1
161889,5333425,1
1002928,5333443,1
128460,5334002,1
903269,1029662,1
887190,5335150,1
1071390,5336639,1
826736,5337401,1
993305,5338543,1
886376,4656023,1
320872,445400,1
179419,5341227,1
839741,3313956,1
185410,4022044,1
819980,5344638,1
1069018,5346351,1
1004089,5349642,1
1056974,5349940,1
783719,5353631,1
458852,5354368,1
845677,3893721,1
930973,5355305,1
128210,5357987,1
362832,5358265,1
359006,5359342,1
809495,5359435,1
953582,5359680,1
778794,5361101,1
750766,5362032,1
991875,5362323,1
647565,5362446,1
920320,3187518,1
821106,5363833,1
283037,5367115,1
911611,5368169,1
1067325,547940,1
952756,5371463,1
276611,5372088,1
157444,5372377,1
774983,5374979,1
89927,2921713,1
549439,5378706,1
815516,5379683,1
902208,575071,1
1069391,2831540,1
1050367,5380668,1
1057679,5380872,1
837323,5381669,1
837262,5382283,1
48092,5385758,1
1004037,5386427,1
850133,780481,1
263000,5389066,1
814016,5393194,1
670847,5393995,1
188160,5395118,1
781524,5395599,1
983396,5395836,1
326084,5397314,1
268081,84482,1
1003575,3905843,1
961203,5397676,1
979557,5397722,1
471165,5397752,1
272287,5398087,1
186552,5398222,1
830518,5398292,1
117513,5398469,1
918073,5399699,1
385757,5403474,1
446991,5404483,1
578299,3172892,1
994254,5405128,1
898887,5406971,1
982679,5407982,1
842423,5408362,1
1020473,5410748,1
1178551,5411459,1
189015,5413291,1
510237,5415146,1
672576,5416407,1
1025998,5416972,1
1016498,2869120,1
814745,5419825,1
150080,1800536,1
1031982,5421781,1
296856,161933,1
836945,2419986,1
763261,5428450,1
1066659,5101558,1
1019854,5431857,1
988310,5432990,1
774529,1558146,1
872040,5435730,1
879409,5436566,1
233790,5436923,1
87282,5438224,1
897774,4581012,1
245397,575071,1
831964,5441136,1
1032857,5442257,1
1025180,5445690,1
330134,5447258,1
346243,5450072,1
26631,1061528,1
284014,5451374,1
34461,5452642,1
323424,5453442,1
306934,5454190,1
120079,5454251,1
1178493,5456315,1
31491,5318996,1
89187,825628,1
192137,5459950,1
299487,5463794,1
93969,5463972,1
107403,5468084,1
336484,5469422,1
176606,181366,1
600263,5473175,1
142871,5476651,1
517129,5477913,1
646316,5480156,1
27381,70460,1
276996,5484320,1
1178459,5485532,1
468671,5487476,1
1174126,5487661,1
328255,5491518,1
10309,5491666,1
26421,5493253,1
153701,5493820,1
59666,5500459,1
86555,5501709,1
171184,5506360,1
153680,5506730,1
248301,5506824,1
269899,2478092,1
318438,5508554,1
334087,5508676,1
13003,5512218,1
258711,3693868,1
133748,5515616,1
229066,1619462,1
105998,5516748,1
451611,2827671,1
964,5518766,1
149953,5522804,1
105978,5523577,1
758122,5524090,1
361282,5525779,1
321752,5527763,1
109408,5529040,1
72104,5529597,1
410531,5530278,1
216793,5530761,1
63283,5532666,1
586707,5534630,1
307819,5535041,1
177552,5537575,1
89785,5537955,1
289109,5538413,1
203669,5540548,1
361223,5541546,1
85934,5542048,1
294634,5543928,1
337249,4507909,1
152538,1104029,1
369990,5557943,1
257159,5563025,1
285668,5563570,1
318847,5565613,1
383028,5565686,1
93462,5565929,1
320981,242885,1
314915,5567055,1
499728,5568062,1
202621,5568439,1
30732,2584061,1
188739,5570877,1
274330,5389669,1
189044,5577461,1
189538,5580379,1
670856,5580545,1
258546,1089608,1
261991,719839,1
130232,4604307,1
205174,5586641,1
55505,5587747,1
256195,5589983,1
252180,5590880,1
177250,5591843,1
644202,5593834,1
413337,5596503,1
8739,5597031,1
182670,5598553,1
21637,5600001,1
393548,5601720,1
184741,5603259,1
228109,5605485,1
645743,5606019,1
327430,376778,1
671774,5609146,1
622110,5610529,1
51042,5612242,1
270247,5614380,1
319221,1005704,1
116183,5620354,1
739771,1707572,1
479674,5624309,1
191394,5624689,1
106918,5625079,1
196561,5627769,1
148450,5629810,1
45014,597407,1
87815,5631015,1
193769,5632169,1
12655,5633322,1
27087,5634741,1
339535,5636907,1
254616,5413083,1
88016,2560855,1
602358,5639130,1
479907,5639283,1
79521,1781402,1
86522,5644716,1
371799,48797,1
44581,2199444,1
329066,800385,1
266750,5653315,1
237707,5653655,1
169929,5653666,1
313908,5656579,1
118133,5659349,1
256035,5659807,1
163640,5662481,1
29475,5663036,1
1234,5665778,1
269586,1308535,1
114961,5667439,1
51320,5668371,1
116418,3381650,1
52685,5669498,1
61571,5671033,1
158480,5671807,1
573419,5674638,1
182842,5677216,1
226151,3694076,1
290912,1694477,1
277345,5682212,1
226486,5686039,1
60226,5687364,1
630243,5691600,1
322195,5176354,1
453582,2545785,1
300319,5695724,1
322615,5696620,1
355210,5696626,1
36676,1061002,1
96325,5697119,1
306372,5698843,1
1178194,5700437,1
342185,5701228,1
261322,3447316,1
337170,2878258,1
22414,5703253,1
267762,5704038,1
329191,103501,1
146045,1483796,1
297324,1184019,1
333832,5707297,1
154546,5708425,1
337492,5708688,1
86038,2384590,1
260594,220060,1
449505,5669498,1
258241,5718802,1
282078,5718887,1
203502,5719964,1
278562,1227030,1
1185098,5720848,1
93708,5721829,1
374121,5722373,1
36365,5729951,1
207211,5730433,1
330395,5734976,1
84454,1454920,1
105155,1901677,1
535433,5743920,1
73377,5746766,1
301628,5747302,1
738427,5748465,1
249897,5749342,1
143704,5752408,1
110650,384382,1
260988,5754072,1
24692,3532224,1
223169,5755613,1
751405,566453,1
131764,845751,1
566020,5761055,1
641297,5761579,1
486215,5763622,1
1168169,5765164,1
289951,5767954,1
205899,5768634,1
256281,5769885,1
50216,5772660,1
268515,2895683,1
259544,1887417,1
1178099,5778332,1
323227,286603,1
244563,2264286,1
1168154,5780615,1
157026,5780732,1
267120,5781861,1
238570,5783366,1
189099,5783764,1
136697,105345,1
191242,5788787,1
163354,5793001,1
56060,5793193,1
270549,5794116,1
227827,5795858,1
284956,5799869,1
51753,5802967,1
20146,5804776,1
122819,5805195,1
121143,5805879,1
135219,832570,1
305792,5809871,1
116878,5811076,1
177184,5811148,1
326358,264661,1
9452,965694,1
485991,5820550,1
91505,5821381,1
239682,514917,1
341935,5824523,1
253559,5824721,1
36522,338662,1
591354,5826494,1
243728,2381550,1
119618,5827338,1
78768,5830135,1
466317,369813,1
88188,5453233,1
76898,5831118,1
304083,5831462,1
321252,5831548,1
46631,374534,1
34004,96065,1
128958,5832722,1
337018,5833189,1
18041,5834401,1
103008,5835518,1
237925,5836004,1
281544,905398,1
512818,597407,1
264725,5841642,1
243079,5841917,1
60772,4332161,1
20307,5843345,1
3370,296069,1
241927,5849267,1
240511,5849711,1
266508,5849778,1
318172,5852079,1
188460,5852370,1
404707,5852667,1
33689,5853043,1
241971,499933,1
13091,5853947,1
88171,5856571,1
300646,5857910,1
95572,5859705,1
276418,610884,1
63888,5860738,1
46105,5860975,1
293058,1762674,1
296212,1883725,1
276488,1420413,1
267450,3925271,1
299638,5862885,1
565888,5863184,1
262222,757058,1
443205,1901677,1
129398,5865518,1
144126,5869139,1
243173,813909,1
493736,5870927,1
596246,5871581,1
469882,1430483,1
546325,5871740,1
739988,5872717,1
391392,5873467,1
334123,5873480,1
326372,538123,1
689974,5874547,1
499414,5875692,1
522799,5876386,1
67166,5876662,1
651399,5877582,1
391289,5877894,1
518500,5878439,1
227486,5878524,1
599644,5879240,1
259895,3204547,1
718068,5880077,1
576558,5880601,1
512936,5880894,1
742483,5885555,1
208165,2850054,1
689253,5886211,1
451194,5887008,1
338071,1617373,1
560765,5890482,1
727516,5890731,1
702393,5891329,1
594499,5891758,1
720630,5893565,1
250909,719839,1
319035,5897612,1
726145,5898023,1
748177,5898225,1
133522,5899666,1
453884,1645440,1
649101,5900553,1
245598,3925271,1
754859,5903772,1
1177948,5904210,1
576055,5905311,1
252012,5905513,1
486911,5905740,1
393950,1288815,1
604641,5906382,1
465249,383493,1
747686,5909760,1
258941,5909798,1
465007,5910328,1
531304,334241,1
120041,5913266,1
673787,5913571,1
470069,1067956,1
341200,5914551,1
690123,1192916,1
702030,5916968,1
60097,1227030,1
6349,5708425,1
554003,5920340,1
575587,4252891,1
5575,5921091,1
396805,5921298,1
557393,5922405,1
535356,1788587,1
373373,5926037,1
551072,1108704,1
149930,5926451,1
743303,447042,1
963174,5929628,1
966998,5930261,1
838970,5930533,1
148917,5931160,1
838688,5932694,1
974498,5932888,1
894219,429717,1
827091,5934487,1
845112,5934615,1
980282,3242247,1
1167985,5936842,1
181711,1419006,1
529665,5937583,1
772022,646032,1
1034811,5937777,1
571523,5937786,1
909573,5938241,1
977699,5938638,1
982830,5940075,1
10011,5940119,1
419866,5940597,1
911682,5942900,1
899913,5943942,1
277028,5943971,1
859233,5944922,1
948577,5945062,1
979453,4999692,1
177059,5948459,1
1055249,5950181,1
769597,5951900,1
200022,1596563,1
897131,50361,1
511411,5956206,1
855114,5958014,1
931382,5958155,1
820227,5958243,1
1038391,5958312,1
309271,5958672,1
177534,5959825,1
879284,5961001,1
929456,3241483,1
650581,5962689,1
286540,5963482,1
1007208,5963955,1
1039280,5964188,1
1043228,5964250,1
107965,5965240,1
102254,3182739,1
944482,704376,1
1040386,5967640,1
989776,2881717,1
978386,5970337,1
132905,1185534,1
754264,380235,1
164746,5971907,1
972984,3048216,1
823004,5973781,1
851359,3938287,1
794219,5977100,1
67405,5978189,1
614266,5978592,1
669705,5980422,1
279503,4402072,1
90735,5983417,1
972506,5985043,1
1033494,5985275,1
150972,5985493,1
999529,5986197,1
1043866,5987925,1
1075497,71485,1
56926,5991681,1
245575,2316716,1
172640,4751222,1
2223,5994168,1
249096,5994568,1
193872,5994722,1
24134,5995008,1
328897,5995934,1
8778,5997315,1
326299,5998620,1
201062,5999183,1
298260,5999198,1
31610,2458278,1
1167913,6000048,1
264854,6000197,1
239339,6002056,1
206674,1061002,1
153943,6002966,1
259228,6005121,1
152427,6005383,1
243188,6006166,1
43761,6006867,1
299239,6006932,1
648839,6007014,1
247609,88601,1
119445,6007542,1
294136,2949090,1
749111,6008329,1
19297,6008359,1
22638,6008979,1
323677,6009165,1
511678,597407,1
130491,6010416,1
381071,6010465,1
124591,6011503,1
54263,4656023,1
55056,6011742,1
463302,6016818,1
254484,6016857,1
542154,6017571,1
319490,6017592,1
297265,6017602,1
240129,6017661,1
108331,5647510,1
325197,6018633,1
249651,6019082,1
174281,6019844,1
253814,6021497,1
187190,6024312,1
674412,6026166,1
330032,2150565,1
126731,6026804,1
674669,6029059,1
602438,6029231,1
205082,6029399,1
490277,6031909,1
475481,6033386,1
470178,6034303,1
666787,6034870,1
507266,6036510,1
25172,6037949,1
683580,6039793,1
602688,6040294,1
264870,6041123,1
283070,5486406,1
130048,6042494,1
472549,6042921,1
737252,6043007,1
532987,6043421,1
501378,6043487,1
181742,6044712,1
510553,5956206,1
495130,6047124,1
649624,6049151,1
279527,4189894,1
621582,6052240,1
456369,6052836,1
479034,6053740,1
60597,5284518,1
674737,6054754,1
479877,6055737,1
435544,6058232,1
517894,6060683,1
240924,6060906,1
459045,580824,1
309419,3681952,1
641241,6062962,1
1177766,6064177,1
466891,6064731,1
1167841,6065406,1
582540,6067044,1
710330,6067341,1
677291,6067916,1
699915,6070011,1
530920,376778,1
59789,114095,1
43975,6072892,1
612413,3552553,1
575152,1236892,1
672512,6075976,1
602093,6076103,1
121043,2087478,1
638779,6080855,1
436859,2605371,1
438074,6081745,1
393116,6082307,1
527037,6082525,1
41097,376778,1
728966,6083550,1
570790,3912134,1
447645,6085402,1
682621,6085440,1
440530,6085525,1
235464,6085648,1
489490,1708425,1
698597,6086930,1
27013,6088155,1
898141,6088158,1
959819,6088763,1
984144,6089091,1
259758,6089502,1
480352,6089713,1
1063751,71485,1
258805,220060,1
504072,6092801,1
603797,6093503,1
781263,3665273,1
769140,6093734,1
1033568,6099269,1
777678,380235,1
812212,148297,1
903134,6101267,1
850046,148297,1
368498,6102434,1
942317,6102510,1
813226,1822715,1
194021,1724499,1
807891,2124324,1
790663,6109461,1
915015,4618825,1
1042151,6109547,1
888091,6110182,1
33112,6111420,1
264997,6111481,1
511983,2978200,1
864040,6112504,1
768001,158924,1
855923,6115572,1
787278,6115807,1
1059010,79048,1
926754,262207,1
198616,6117132,1
91039,6118065,1
865280,6118906,1
1040539,6120510,1
76446,1891294,1
898900,3543839,1
856655,3711478,1
1045678,6123719,1
855377,3048216,1
855701,364842,1
957177,6125151,1
957819,2451372,1
792199,6125750,1
1030347,6126529,1
777568,380235,1
986684,6127286,1
510200,6129390,1
67313,6130086,1
875623,6130353,1
957060,6130827,1
831642,130897,1
1177682,6133840,1
990069,6134657,1
842686,6134994,1
3130,3532457,1
867480,89161,1
616188,6140358,1
199344,6140598,1
157832,6141851,1
1003529,65468,1
802847,6143828,1
971971,6144284,1
849603,6144524,1
888172,3224179,1
890276,1376822,1
301551,6146669,1
714693,6146808,1
330260,121899,1
417234,6148224,1
106813,6148681,1
154230,3866316,1
65233,6149713,1
183280,5395118,1
92058,196172,1
105254,96065,1
39527,96065,1
1177653,6156897,1
154168,6158151,1
357421,6160227,1
231900,6160918,1
185897,6161579,1
141772,586030,1
43409,6163024,1
236493,6163214,1
510525,5956206,1
537594,6168307,1
314093,338662,1
37693,1676971,1
717511,6172100,1
668486,506143,1
651176,211562,1
525373,6174486,1
643718,6174643,1
69883,6174951,1
443222,1254281,1
431814,6177000,1
576808,6177211,1
555815,6178350,1
595244,6178815,1
674144,6178891,1
728005,6179206,1
620289,6179248,1
432950,3751495,1
442031,6180139,1
120425,6180215,1
450017,6180656,1
274580,173136,1
482635,6181505,1
204845,338662,1
322811,658439,1
650602,6181918,1
570963,6183646,1
558431,6184212,1
749015,6184234,1
409162,6184272,1
647545,6184501,1
448625,6185267,1
653872,1964429,1
438213,629270,1
627322,6187280,1
236670,6188282,1
574247,6188301,1
555513,6188808,1
521925,6189344,1
26125,6189407,1
707190,6189452,1
657493,6190481,1
622729,6190638,1
495269,284770,1
483761,6193477,1
288316,642009,1
572131,398937,1
654613,6197462,1
574140,6198059,1
561117,6198276,1
417218,6198623,1
412997,6199597,1
44962,6201204,1
67479,6201484,1
454103,6201871,1
188219,6201998,1
673325,6202321,1
698208,6203717,1
647027,6204301,1
642292,6204403,1
713814,6085440,1
722337,6206688,1
471091,6207583,1
790933,6209899,1
23680,6210529,1
866398,6210534,1
460356,6211418,1
1072281,6212317,1
956896,6214182,1
1072600,6214488,1
823529,4280558,1
900097,3133069,1
912055,6217855,1
228884,463383,1
907648,6220118,1
774895,6220151,1
848326,740088,1
874590,6220442,1
914146,6220535,1
1075401,6221619,1
826407,6221975,1
183446,6222106,1
823036,817227,1
54015,6226316,1
264384,6227118,1
1043266,6227131,1
871490,6227427,1
797861,5859513,1
254860,6229314,1
337718,6230214,1
764941,6231059,1
777567,380235,1
1069759,6231864,1
1067855,289653,1
177670,6234816,1
356710,6235535,1
187037,6236070,1
754408,4058521,1
104910,6236339,1
360046,6237091,1
109909,5694362,1
177256,6238433,1
42483,1695606,1
145027,6240906,1
11340,6241197,1
316831,6241351,1
318470,6242393,1
40839,6243210,1
268255,6244859,1
495939,6246425,1
27561,6248393,1
236611,6249108,1
82832,6250912,1
296426,5992493,1
164551,6252192,1
273859,6252340,1
212299,6252467,1
250745,6253151,1
19587,189340,1
324293,5055681,1
91215,6255101,1
80165,6255881,1
378201,6256004,1
657926,6256187,1
682583,5261286,1
455392,6257296,1
94060,6260797,1
686349,6260947,1
123326,6261294,1
552204,6264385,1
47002,2480203,1
706613,6265688,1
597483,6266485,1
228054,6266604,1
491973,6268874,1
502293,6269025,1
522036,6270080,1
501173,6270101,1
613251,6270758,1
754566,6270939,1
513699,6271226,1
239626,6271336,1
525188,6271348,1
677294,681319,1
36861,6274866,1
460611,461240,1
419678,6275250,1
446513,6276814,1
384952,6277396,1
683160,6278560,1
352129,6278856,1
675689,6279081,1
424426,6279507,1
599064,127040,1
1177523,6280295,1
707429,6280383,1
286911,265298,1
739279,6281356,1
390414,5186792,1
733772,6284364,1
461315,6284698,1
188115,6286980,1
507349,6288018,1
57627,6289928,1
400425,6291668,1
787635,6293051,1
337067,6293296,1
577542,6293454,1
767690,6293540,1
693869,3594336,1
794413,6300037,1
990286,793169,1
33951,6301686,1
987284,6302102,1
831498,6302335,1
824866,6303319,1
1065414,6304010,1
274402,6304262,1
244869,5669469,1
1076700,6304548,1
839007,3029985,1
1002338,6306681,1
751187,6306811,1
880285,6307208,1
846839,6308866,1
871090,6309882,1
769081,6311544,1
1011191,6311929,1
101416,893740,1
1174693,6312679,1
836794,2724208,1
51262,6313171,1
763339,6315404,1
837825,6316437,1
297554,6317467,1
262828,6317689,1
63973,6321500,1
188804,6323376,1
171805,6324669,1
22020,6325906,1
87860,5895917,1
322096,5647510,1
225054,6332866,1
29094,6333080,1
556135,6333124,1
465206,429717,1
115066,3709447,1
532840,6340751,1
290458,6342455,1
18265,6346689,1
69527,6347246,1
230386,6348219,1
40825,3947144,1
38780,6353819,1
276789,4501901,1
154406,6361878,1
287593,6362262,1
338297,6362785,1
9268,826992,1
198300,369813,1
346638,6366901,1
313631,4289033,1
16909,6367092,1
294009,6367633,1
97172,6368202,1
199478,5764574,1
229501,5862434,1
266432,6368707,1
153923,6368889,1
257469,6371648,1
201347,6371861,1
166897,6374905,1
83457,6376309,1
255692,6377910,1
273489,220060,1
201379,6383077,1
237837,2480203,1
310179,2847003,1
249728,6387110,1
109516,6387530,1
680702,4303297,1
370663,6389129,1
349522,6389237,1
268113,575071,1
286998,6391800,1
79573,6392387,1
176390,6392458,1
265017,6394508,1
222174,6397177,1
292108,6401309,1
128401,6404474,1
183353,6406598,1
78719,6407495,1
269353,6407888,1
329003,976512,1
79683,6409150,1
129561,6412115,1
165440,6412227,1
606329,6412985,1
61568,2494291,1
206626,6414856,1
199336,6417553,1
146436,6419354,1
206992,2862939,1
253347,6421546,1
85480,6422700,1
178432,6423218,1
1167455,6425481,1
207172,765710,1
87217,6426635,1
339042,6428290,1
129861,557416,1
194217,6429870,1
681870,6430001,1
70386,6430030,1
57274,6430866,1
447661,945455,1
75470,6432010,1
263088,6433740,1
244777,6434001,1
66626,6438935,1
636171,6441236,1
346046,6442296,1
108602,4243055,1
319426,264661,1
99618,6446419,1
254921,6446841,1
279997,6449043,1
28429,290660,1
573273,6451084,1
253620,6451110,1
54042,6453140,1
90025,3408003,1
30989,6454999,1
80324,5571272,1
34639,655257,1
325775,6456093,1
591152,6458121,1
328898,6458146,1
331171,6458443,1
232198,6459152,1
162005,6057206,1
592591,6461027,1
139429,6462050,1
126183,6463128,1
166420,6466915,1
526091,2238558,1
271781,6468428,1
312107,6470293,1
116544,6471351,1
171283,6472526,1
471971,6473325,1
35661,5478868,1
340467,6475358,1
213219,6475697,1
568522,6482961,1
128626,6483506,1
228315,6486089,1
128813,4729141,1
18452,2480203,1
258333,5853972,1
681868,6489326,1
15424,6489487,1
49041,3247228,1
252248,6492047,1
22581,6492837,1
104976,6494519,1
165723,6498328,1
75212,6501722,1
73716,6503534,1
121677,6503797,1
10357,6505788,1
195074,5356616,1
356804,6507751,1
31883,6508156,1
727614,6511489,1
291355,121899,1
134909,6512654,1
292948,6512754,1
310371,6514756,1
208946,6517216,1
41780,6517583,1
144332,6519187,1
524999,6520230,1
180612,6520478,1
616721,6521498,1
109730,6521547,1
65643,6525640,1
118828,6525781,1
16312,148297,1
293403,6527343,1
1167351,1009792,1
310813,3135408,1
132539,6531251,1
522176,2752258,1
37379,1232372,1
96021,6531988,1
223327,6532518,1
339910,6533453,1
545724,12913,1
107705,6534500,1
459730,6534884,1
378884,6535657,1
254283,6535893,1
29099,1038118,1
269891,6537479,1
150089,1857969,1
334213,6539598,1
251822,5030159,1
1177247,6542760,1
114540,6543875,1
338628,6544227,1
279926,2123254,1
304177,1684316,1
250844,6547946,1
80502,6550241,1
143779,6552587,1
273526,6552968,1
195784,4706380,1
214000,6556662,1
169093,6558005,1
61168,6558210,1
87993,6558704,1
231350,6559556,1
747742,6563720,1
158057,6571390,1
282456,6572648,1
20773,6574966,1
20536,6575329,1
84150,1923575,1
249211,6576502,1
198474,6578573,1
355147,3018860,1
298755,6580577,1
292463,6581938,1
217548,6586281,1
104404,115801,1
30182,350728,1
106152,658439,1
349685,6593978,1
157323,6594294,1
544340,6596854,1
79387,6598266,1
304440,6599373,1
265814,4722383,1
54450,6602516,1
96445,5386243,1
289002,6603530,1
32847,6604425,1
75569,6605216,1
147690,6608607,1
461623,6610986,1
75355,6612006,1
340734,4696205,1
58094,2306333,1
339482,6614030,1
52596,6615087,1
34793,87373,1
473929,6617642,1
346276,6618728,1
88170,6620759,1
591229,6399152,1
219934,6625178,1
266470,6628767,1
55943,1847217,1
1184028,6630201,1
77257,2581441,1
544543,6631368,1
296182,6631893,1
316362,437547,1
300611,1208865,1
311358,6636317,1
154479,3024841,1
333171,2264286,1
219903,6638746,1
191856,6638880,1
333477,6640166,1
237965,6640582,1
143975,5108897,1
1167222,6642169,1
202470,6642769,1
571441,6643236,1
344558,2993198,1
285994,6645217,1
133030,6645854,1
390954,380235,1
466316,369813,1
153203,6646537,1
328902,5382860,1
101867,6648016,1
90071,1360973,1
757728,50507,1
492990,6652034,1
60695,6602398,1
437174,6654727,1
290211,6654768,1
61454,6657252,1
299617,1733894,1
195157,6658032,1
324428,5338591,1
144890,6659160,1
267138,6664367,1
481686,6667861,1
605720,6668264,1
329221,6669163,1
203373,6670381,1
758357,726130,1
488628,6673147,1
678418,6673186,1
62265,6674182,1
510241,6674210,1
90348,6675480,1
47632,5478868,1
618239,6676394,1
25772,6679175,1
318996,6679387,1
683809,6682445,1
726517,6682474,1
758895,6683939,1
339703,6686282,1
639886,6687899,1
718390,6689409,1
641596,1483111,1
469366,6690144,1
701022,6691823,1
532890,5985043,1
524723,1307070,1
602199,6694906,1
650095,6696210,1
465551,2724208,1
96603,6696886,1
175310,6700186,1
661091,3902931,1
706732,6703439,1
543568,25929,1
580007,6706113,1
132946,6707172,1
492502,6708955,1
538269,6709319,1
44637,159720,1
72747,6711708,1
443677,2685103,1
523039,6712477,1
592779,6713943,1
758164,6714733,1
602984,6715008,1
420910,6716864,1
481386,6717241,1
33743,6718399,1
565894,6719504,1
147509,6720368,1
677361,6721649,1
203615,6721812,1
514989,6723085,1
445639,6726087,1
635491,6728342,1
389365,6729909,1
564250,6731416,1
731635,1053795,1
698232,2830931,1
550872,6732856,1
440273,6734155,1
651588,6735214,1
726492,6736422,1
654018,3955669,1
600338,6740795,1
73084,6744414,1
417428,6746526,1
59972,6746726,1
131235,6747201,1
636725,4254497,1
431472,6748569,1
589060,6751700,1
476936,4834391,1
709857,6752233,1
694567,4952481,1
401089,6754835,1
272084,88601,1
759076,6755220,1
760371,6757469,1
744100,2592153,1
29243,1549086,1
387035,6762240,1
758958,6763168,1
57999,6763245,1
646260,6764048,1
579161,821140,1
570714,6766199,1
391315,6766206,1
380168,6768690,1
406494,6769622,1
503804,6770001,1
101418,5852079,1
424151,6771989,1
302187,6772431,1
187947,6772543,1
532487,6772722,1
105391,6774041,1
668978,6074111,1
481918,6774318,1
728947,5563884,1
575704,6774656,1
519328,6775271,1
427596,4298863,1
698432,6777172,1
683338,656251,1
451061,1429755,1
458317,6779245,1
1167064,6779273,1
489870,6781919,1
472155,1885303,1
654812,357363,1
108411,6783603,1
614265,5978592,1
706481,6785988,1
734111,6786380,1
584149,6787955,1
60386,6792674,1
133760,6793950,1
758764,6794234,1
710013,6795487,1
500301,6795856,1
707696,6796827,1
517160,6800575,1
495855,6800704,1
639688,163137,1
417397,703507,1
541175,2400479,1
58151,6804556,1
671760,6805599,1
605576,6806919,1
581256,3095539,1
692763,3926491,1
536390,6808460,1
391007,6811811,1
1167024,6813848,1
198390,6814861,1
527405,6817665,1
667061,2249550,1
721382,6820439,1
323833,87373,1
604976,580971,1
588263,6824453,1
529300,6824632,1
261879,6825057,1
443404,6825354,1
466416,6825735,1
258710,3693868,1
186191,6828574,1
705284,6828823,1
39761,6829878,1
405714,6830487,1
210963,6836425,1
671063,6840155,1
739956,6842068,1
319529,3983629,1
757530,6845299,1
316061,6852521,1
461242,6853424,1
721913,6853821,1
42180,6854726,1
610822,6856667,1
520413,6857983,1
61274,6858460,1
86662,1092073,1
748298,6859174,1
19898,6860319,1
143210,6863028,1
700547,6864077,1
551558,6864125,1
733401,569357,1
546577,4940765,1
397587,6868543,1
316818,6869029,1
205798,6870407,1
651304,6871221,1
472409,6872021,1
367097,6872484,1
1166962,6872977,1
701642,6873283,1
434704,1563230,1
592166,6876613,1
48213,6877036,1
547848,5021851,1
744490,6879494,1
533845,6880410,1
263712,220060,1
597267,6883816,1
458596,6886064,1
573276,6886795,1
601483,6888679,1
84071,6889083,1
703093,6890506,1
404342,6893370,1
437346,6894336,1
508818,6894839,1
522161,6895375,1
1176626,6895831,1
498105,6896903,1
543662,3495574,1
398446,6898898,1
569423,3376084,1
616906,6903223,1
473811,6903419,1
623388,6905157,1
442400,6906302,1
680690,557416,1
1176497,4229636,1
573483,6908666,1
244564,2264286,1
1176436,6913223,1
656702,1336600,1
1176386,6918088,1
6411,6918341,1
611424,6918755,1
557833,6920888,1
311052,3507987,1
1176343,6921801,1
521337,6922451,1
488563,6923783,1
386978,6925215,1
439545,6925532,1
678070,6925710,1
119215,6925966,1
389602,6926077,1
230589,64977,1
658085,6927551,1
628527,6928564,1
445328,1051522,1
463981,6933642,1
30286,6934190,1
442716,796290,1
513393,6935839,1
632029,6937578,1
591358,2425890,1
467709,6939089,1
557451,6939621,1
192167,6940844,1
653086,6941478,1
488453,380235,1
1176099,6943531,1
431210,6947624,1
337112,6947823,1
591057,6947964,1
582987,6948111,1
540199,6948526,1
627126,6950495,1
741994,6950955,1
324201,6952251,1
703447,6955160,1
592595,6955348,1
595086,6956233,1
1166867,6964765,1
1184879,6966216,1
666613,6968485,1
433072,6968682,1
280119,1486497,1
1175810,6969994,1
470881,6971348,1
206062,6971487,1
444321,6972634,1
696348,6975306,1
704703,6976104,1
195734,6976167,1
428197,6978573,1
250200,5265467,1
518709,6980699,1
457058,6983213,1
21669,6983803,1
709126,6984423,1
271713,6985319,1
466251,195941,1
560831,6989140,1
409913,6989339,1
1166841,6989573,1
661450,6990598,1
48914,6991258,1
759189,6991339,1
103958,5567055,1
291462,121899,1
392723,1157689,1
639264,6993099,1
701405,6993553,1
496829,6994361,1
598354,6996170,1
295101,6996961,1
589548,1738230,1
537117,357363,1
16646,6999923,1
96290,7005588,1
1175415,7006393,1
734106,2915280,1
635114,7007627,1
612970,1246974,1
402952,7007939,1
653007,7009141,1
1166819,7009944,1
687342,7010878,1
72128,7011049,1
513914,7011681,1
722219,6178891,1
439849,7012693,1
57565,7013933,1
628296,7014892,1
112079,7015707,1
717756,7017009,1
1175292,7017539,1
501334,5638134,1
200219,7017689,1
630721,7019086,1
1166808,7020304,1
58296,7021484,1
294826,7025181,1
445646,7026138,1
122988,7027675,1
317076,1109456,1
435873,7029882,1
493335,7029932,1
261379,7031013,1
429586,7034053,1
1175100,7035029,1
344539,6433172,1
374547,7037653,1
425108,7038170,1
538430,7038179,1
109613,7039369,1
440439,7040388,1
123148,7040399,1
418834,7040610,1
220843,7042143,1
450664,6219144,1
163241,7042496,1
473894,7043311,1
720546,7045511,1
493403,7045640,1
382739,7047634,1
653225,402144,1
715572,7049708,1
702193,7053569,1
594541,7053714,1
59158,826992,1
1174861,7057469,1
512291,7057651,1
701475,7058298,1
744419,4630007,1
700774,7062356,1
442749,7062632,1
560286,569196,1
588523,3191333,1
1174772,7065983,1
541259,3224179,1
758342,7069132,1
394764,7073720,1
442501,7081519,1
1166742,7088752,1
1166727,7104710,1
677930,7109721,1
1166659,7175011,1
677522,1164666,1
1166613,7222664,1
104604,376778,1
561141,2805975,1
731466,3594383,1
225122,7259838,1
651058,7265298,1
398123,7275217,1
757919,7307476,1
586677,7320854,1
334178,7357695,1
682522,7388722,1
343493,7416444,1
1166407,7416726,1
91777,7436534,1
438254,7448864,1
70365,7453458,1
1166364,7454549,1
686625,7457136,1
640294,7458918,1
477870,6972634,1
84262,7489861,1
1184693,7514358,1
341680,639730,1
388311,6271336,1
666463,7556051,1
29581,7560380,1
545656,7577387,1
545094,7594036,1
568132,1430483,1
557996,7614236,1
558200,105226,1
459432,3657090,1
402586,7712369,1
647020,7719569,1
442470,796290,1
388313,6271336,1
390609,7739925,1
168866,7769969,1
662989,1792177,1
1183896,7797847,1
486314,7809743,1
528427,7814131,1
1165956,7830567,1
241310,7845157,1
458826,7857316,1
123541,7857766,1
613487,7865517,1
414998,7866688,1
593185,7889049,1
550527,7905114,1
753413,7918854,1
409349,7926700,1
567955,2596062,1
738828,7944516,1
559820,7955008,1
444928,7955655,1
1183879,7960817,1
683636,7962036,1
1165805,7976223,1
102155,1861581,1
416488,2536425,1
733206,8008742,1
27606,8038628,1
206055,6101352,1
168981,8064796,1
707420,8098418,1
515587,5039004,1
717215,70460,1
500965,8140518,1
168907,2590451,1
494991,1609948,1
1165609,97868,1
6778,8182306,1
108791,8194850,1
583703,8200684,1
135683,1257746,1
634850,8224175,1
504842,8226347,1
1183852,8229363,1
652827,5687750,1
446928,5669498,1
415741,8246869,1
1165504,8247759,1
544597,8250498,1
696829,8275893,1
62890,8298630,1
678279,8313206,1
57880,8320121,1
485743,8322008,1
499422,8332370,1
1165386,8339673,1
1165364,8359716,1
705941,8362446,1
468623,8367483,1
737019,8376788,1
270094,1038118,1
640871,8407949,1
725097,8412648,1
430138,8450598,1
261566,8450683,1
520326,8450935,1
443841,8453497,1
420246,8454510,1
1165233,8471423,1
415865,8496817,1
621278,8505506,1
589443,165858,1
508099,8528582,1
278509,8563102,1
442309,8563429,1
82015,4569388,1
610899,7446496,1
651438,8590089,1
61441,8611654,1
546630,412670,1
364232,8637663,1
438568,8669470,1
660547,8674401,1
562059,8685294,1
47155,8693358,1
401797,8714678,1
631615,8717305,1
447632,8727131,1
200743,8728778,1
748775,8729768,1
1183796,8730927,1
283622,8739231,1
434278,8739785,1
581523,8748651,1
1164889,8764280,1
450911,8766141,1
236907,8772979,1
727157,8794926,1
633812,8795659,1
417707,442307,1
266116,6277058,1
706678,8841643,1
